2 1
1 -7.600000e-01 -1.100000e-01 -4.665072e-02
2 -7.600000e-01 -1.100000e-01 -3.040072e-02
3 -7.600000e-01 -1.100000e-01 -1.415072e-02
4 -7.600000e-01 -1.100000e-01 -2.168404e-19
5 -7.600000e-01 -9.428571e-02 -4.665072e-02
6 -7.600000e-01 -9.428571e-02 -3.040072e-02
7 -7.600000e-01 -9.428571e-02 -1.415072e-02
8 -7.600000e-01 -9.428571e-02 -2.168404e-19
9 -7.600000e-01 -7.857143e-02 -4.665072e-02
10 -7.600000e-01 -7.857143e-02 -3.040072e-02
11 -7.600000e-01 -7.857143e-02 -1.415072e-02
12 -7.600000e-01 -7.857143e-02 -2.168404e-19
13 -7.600000e-01 -6.285714e-02 -4.665072e-02
14 -7.600000e-01 -6.285714e-02 -3.040072e-02
15 -7.600000e-01 -6.285714e-02 -1.415072e-02
16 -7.600000e-01 -6.285714e-02 -2.168404e-19
17 -7.600000e-01 -4.714286e-02 -4.665072e-02
18 -7.600000e-01 -4.714286e-02 -3.040072e-02
19 -7.600000e-01 -4.714286e-02 -1.415072e-02
20 -7.600000e-01 -4.714286e-02 -2.168404e-19
21 -7.600000e-01 -3.142857e-02 -4.665072e-02
22 -7.600000e-01 -3.142857e-02 -3.040072e-02
23 -7.600000e-01 -3.142857e-02 -1.415072e-02
24 -7.600000e-01 -3.142857e-02 -2.168404e-19
25 -7.600000e-01 -1.571429e-02 -4.665072e-02
26 -7.600000e-01 -1.571429e-02 -3.040072e-02
27 -7.600000e-01 -1.571429e-02 -1.415072e-02
28 -7.600000e-01 -1.571429e-02 -2.168404e-19
29 -7.600000e-01 1.387779e-17 -4.665072e-02
30 -7.600000e-01 1.387779e-17 -3.040072e-02
31 -7.600000e-01 1.387779e-17 -1.415072e-02
32 -7.600000e-01 1.387779e-17 -2.168404e-19
33 -7.600000e-01 1.571429e-02 -4.665072e-02
34 -7.600000e-01 1.571429e-02 -3.040072e-02
35 -7.600000e-01 1.571429e-02 -1.415072e-02
36 -7.600000e-01 1.571429e-02 -2.168404e-19
37 -7.600000e-01 3.142857e-02 -4.665072e-02
38 -7.600000e-01 3.142857e-02 -3.040072e-02
39 -7.600000e-01 3.142857e-02 -1.415072e-02
40 -7.600000e-01 3.142857e-02 -2.168404e-19
41 -7.600000e-01 4.714286e-02 -4.665072e-02
42 -7.600000e-01 4.714286e-02 -3.040072e-02
43 -7.600000e-01 4.714286e-02 -1.415072e-02
44 -7.600000e-01 4.714286e-02 -2.168404e-19
45 -7.600000e-01 6.285714e-02 -4.665072e-02
46 -7.600000e-01 6.285714e-02 -3.040072e-02
47 -7.600000e-01 6.285714e-02 -1.415072e-02
48 -7.600000e-01 6.285714e-02 -2.168404e-19
49 -7.600000e-01 7.857143e-02 -4.665072e-02
50 -7.600000e-01 7.857143e-02 -3.040072e-02
51 -7.600000e-01 7.857143e-02 -1.415072e-02
52 -7.600000e-01 7.857143e-02 -2.168404e-19
53 -7.600000e-01 9.428571e-02 -4.665072e-02
54 -7.600000e-01 9.428571e-02 -3.040072e-02
55 -7.600000e-01 9.428571e-02 -1.415072e-02
56 -7.600000e-01 9.428571e-02 -2.168404e-19
57 -7.600000e-01 1.100000e-01 -4.665072e-02
58 -7.600000e-01 1.100000e-01 -3.040072e-02
59 -7.600000e-01 1.100000e-01 -1.415072e-02
60 -7.600000e-01 1.100000e-01 -2.168404e-19
61 -7.446465e-01 -1.100000e-01 -4.665072e-02
62 -7.446465e-01 -1.100000e-01 -3.040072e-02
63 -7.446465e-01 -1.100000e-01 -1.415072e-02
64 -7.446465e-01 -1.100000e-01 -2.168404e-19
65 -7.446465e-01 -9.428571e-02 -4.665072e-02
66 -7.446465e-01 -7.857143e-02 -4.665072e-02
67 -7.446465e-01 -6.285714e-02 -4.665072e-02
68 -7.446465e-01 -4.714286e-02 -4.665072e-02
69 -7.446465e-01 -3.142857e-02 -4.665072e-02
70 -7.446465e-01 -1.571429e-02 -4.665072e-02
71 -7.446465e-01 1.387779e-17 -4.665072e-02
72 -7.446465e-01 1.571429e-02 -4.665072e-02
73 -7.446465e-01 3.142857e-02 -4.665072e-02
74 -7.446465e-01 4.714286e-02 -4.665072e-02
75 -7.446465e-01 6.285714e-02 -4.665072e-02
76 -7.446465e-01 7.857143e-02 -4.665072e-02
77 -7.446465e-01 9.428571e-02 -4.665072e-02
78 -7.446465e-01 1.100000e-01 -4.665072e-02
79 -7.446465e-01 1.100000e-01 -3.040072e-02
80 -7.446465e-01 1.100000e-01 -1.415072e-02
81 -7.446465e-01 1.100000e-01 -2.168404e-19
82 -7.292929e-01 -1.100000e-01 -4.665072e-02
83 -7.292929e-01 -1.100000e-01 -3.040072e-02
84 -7.292929e-01 -1.100000e-01 -1.415072e-02
85 -7.292929e-01 -1.100000e-01 -2.168404e-19
86 -7.292929e-01 -9.428571e-02 -4.665072e-02
87 -7.292929e-01 -7.857143e-02 -4.665072e-02
88 -7.292929e-01 -6.285714e-02 -4.665072e-02
89 -7.292929e-01 -4.714286e-02 -4.665072e-02
90 -7.292929e-01 -3.142857e-02 -4.665072e-02
91 -7.292929e-01 -1.571429e-02 -4.665072e-02
92 -7.292929e-01 1.387779e-17 -4.665072e-02
93 -7.292929e-01 1.571429e-02 -4.665072e-02
94 -7.292929e-01 3.142857e-02 -4.665072e-02
95 -7.292929e-01 4.714286e-02 -4.665072e-02
96 -7.292929e-01 6.285714e-02 -4.665072e-02
97 -7.292929e-01 7.857143e-02 -4.665072e-02
98 -7.292929e-01 9.428571e-02 -4.665072e-02
99 -7.292929e-01 1.100000e-01 -4.665072e-02
100 -7.292929e-01 1.100000e-01 -3.040072e-02
101 -7.292929e-01 1.100000e-01 -1.415072e-02
102 -7.292929e-01 1.100000e-01 -2.168404e-19
103 -7.139394e-01 -1.100000e-01 -4.665072e-02
104 -7.139394e-01 -1.100000e-01 -3.040072e-02
105 -7.139394e-01 -1.100000e-01 -1.415072e-02
106 -7.139394e-01 -1.100000e-01 -2.168404e-19
107 -7.139394e-01 -9.428571e-02 -4.665072e-02
108 -7.139394e-01 -7.857143e-02 -4.665072e-02
109 -7.139394e-01 -6.285714e-02 -4.665072e-02
110 -7.139394e-01 -4.714286e-02 -4.665072e-02
111 -7.139394e-01 -3.142857e-02 -4.665072e-02
112 -7.139394e-01 -1.571429e-02 -4.665072e-02
113 -7.139394e-01 1.387779e-17 -4.665072e-02
114 -7.139394e-01 1.571429e-02 -4.665072e-02
115 -7.139394e-01 3.142857e-02 -4.665072e-02
116 -7.139394e-01 4.714286e-02 -4.665072e-02
117 -7.139394e-01 6.285714e-02 -4.665072e-02
118 -7.139394e-01 7.857143e-02 -4.665072e-02
119 -7.139394e-01 9.428571e-02 -4.665072e-02
120 -7.139394e-01 1.100000e-01 -4.665072e-02
121 -7.139394e-01 1.100000e-01 -3.040072e-02
122 -7.139394e-01 1.100000e-01 -1.415072e-02
123 -7.139394e-01 1.100000e-01 -2.168404e-19
124 -6.985859e-01 -1.100000e-01 -4.665072e-02
125 -6.985859e-01 -1.100000e-01 -3.040072e-02
126 -6.985859e-01 -1.100000e-01 -1.415072e-02
127 -6.985859e-01 -1.100000e-01 -2.168404e-19
128 -6.985859e-01 -9.428571e-02 -4.665072e-02
129 -6.985859e-01 -7.857143e-02 -4.665072e-02
130 -6.985859e-01 -6.285714e-02 -4.665072e-02
131 -6.985859e-01 -4.714286e-02 -4.665072e-02
132 -6.985859e-01 -3.142857e-02 -4.665072e-02
133 -6.985859e-01 -1.571429e-02 -4.665072e-02
134 -6.985859e-01 1.387779e-17 -4.665072e-02
135 -6.985859e-01 1.571429e-02 -4.665072e-02
136 -6.985859e-01 3.142857e-02 -4.665072e-02
137 -6.985859e-01 4.714286e-02 -4.665072e-02
138 -6.985859e-01 6.285714e-02 -4.665072e-02
139 -6.985859e-01 7.857143e-02 -4.665072e-02
140 -6.985859e-01 9.428571e-02 -4.665072e-02
141 -6.985859e-01 1.100000e-01 -4.665072e-02
142 -6.985859e-01 1.100000e-01 -3.040072e-02
143 -6.985859e-01 1.100000e-01 -1.415072e-02
144 -6.985859e-01 1.100000e-01 -2.168404e-19
145 -6.832323e-01 -1.100000e-01 -4.665072e-02
146 -6.832323e-01 -1.100000e-01 -3.040072e-02
147 -6.832323e-01 -1.100000e-01 -1.415072e-02
148 -6.832323e-01 -1.100000e-01 -2.168404e-19
149 -6.832323e-01 -9.428571e-02 -4.665072e-02
150 -6.832323e-01 -7.857143e-02 -4.665072e-02
151 -6.832323e-01 -6.285714e-02 -4.665072e-02
152 -6.832323e-01 -4.714286e-02 -4.665072e-02
153 -6.832323e-01 -3.142857e-02 -4.665072e-02
154 -6.832323e-01 -1.571429e-02 -4.665072e-02
155 -6.832323e-01 1.387779e-17 -4.665072e-02
156 -6.832323e-01 1.571429e-02 -4.665072e-02
157 -6.832323e-01 3.142857e-02 -4.665072e-02
158 -6.832323e-01 4.714286e-02 -4.665072e-02
159 -6.832323e-01 6.285714e-02 -4.665072e-02
160 -6.832323e-01 7.857143e-02 -4.665072e-02
161 -6.832323e-01 9.428571e-02 -4.665072e-02
162 -6.832323e-01 1.100000e-01 -4.665072e-02
163 -6.832323e-01 1.100000e-01 -3.040072e-02
164 -6.832323e-01 1.100000e-01 -1.415072e-02
165 -6.832323e-01 1.100000e-01 -2.168404e-19
166 -6.678788e-01 -1.100000e-01 -4.665072e-02
167 -6.678788e-01 -1.100000e-01 -3.040072e-02
168 -6.678788e-01 -1.100000e-01 -1.415072e-02
169 -6.678788e-01 -1.100000e-01 -2.168404e-19
170 -6.678788e-01 -9.428571e-02 -4.665072e-02
171 -6.678788e-01 -7.857143e-02 -4.665072e-02
172 -6.678788e-01 -6.285714e-02 -4.665072e-02
173 -6.678788e-01 -4.714286e-02 -4.665072e-02
174 -6.678788e-01 -3.142857e-02 -4.665072e-02
175 -6.678788e-01 -1.571429e-02 -4.665072e-02
176 -6.678788e-01 1.387779e-17 -4.665072e-02
177 -6.678788e-01 1.571429e-02 -4.665072e-02
178 -6.678788e-01 3.142857e-02 -4.665072e-02
179 -6.678788e-01 4.714286e-02 -4.665072e-02
180 -6.678788e-01 6.285714e-02 -4.665072e-02
181 -6.678788e-01 7.857143e-02 -4.665072e-02
182 -6.678788e-01 9.428571e-02 -4.665072e-02
183 -6.678788e-01 1.100000e-01 -4.665072e-02
184 -6.678788e-01 1.100000e-01 -3.040072e-02
185 -6.678788e-01 1.100000e-01 -1.415072e-02
186 -6.678788e-01 1.100000e-01 -2.168404e-19
187 -6.525253e-01 -1.100000e-01 -4.665072e-02
188 -6.525253e-01 -1.100000e-01 -3.040072e-02
189 -6.525253e-01 -1.100000e-01 -1.415072e-02
190 -6.525253e-01 -1.100000e-01 -2.168404e-19
191 -6.525253e-01 -9.428571e-02 -4.665072e-02
192 -6.525253e-01 -7.857143e-02 -4.665072e-02
193 -6.525253e-01 -6.285714e-02 -4.665072e-02
194 -6.525253e-01 -4.714286e-02 -4.665072e-02
195 -6.525253e-01 -3.142857e-02 -4.665072e-02
196 -6.525253e-01 -1.571429e-02 -4.665072e-02
197 -6.525253e-01 1.387779e-17 -4.665072e-02
198 -6.525253e-01 1.571429e-02 -4.665072e-02
199 -6.525253e-01 3.142857e-02 -4.665072e-02
200 -6.525253e-01 4.714286e-02 -4.665072e-02
201 -6.525253e-01 6.285714e-02 -4.665072e-02
202 -6.525253e-01 7.857143e-02 -4.665072e-02
203 -6.525253e-01 9.428571e-02 -4.665072e-02
204 -6.525253e-01 1.100000e-01 -4.665072e-02
205 -6.525253e-01 1.100000e-01 -3.040072e-02
206 -6.525253e-01 1.100000e-01 -1.415072e-02
207 -6.525253e-01 1.100000e-01 -2.168404e-19
208 -6.371717e-01 -1.100000e-01 -4.665072e-02
209 -6.371717e-01 -1.100000e-01 -3.040072e-02
210 -6.371717e-01 -1.100000e-01 -1.415072e-02
211 -6.371717e-01 -1.100000e-01 -2.168404e-19
212 -6.371717e-01 -9.428571e-02 -4.665072e-02
213 -6.371717e-01 -7.857143e-02 -4.665072e-02
214 -6.371717e-01 -6.285714e-02 -4.665072e-02
215 -6.371717e-01 -4.714286e-02 -4.665072e-02
216 -6.371717e-01 -3.142857e-02 -4.665072e-02
217 -6.371717e-01 -1.571429e-02 -4.665072e-02
218 -6.371717e-01 1.387779e-17 -4.665072e-02
219 -6.371717e-01 1.571429e-02 -4.665072e-02
220 -6.371717e-01 3.142857e-02 -4.665072e-02
221 -6.371717e-01 4.714286e-02 -4.665072e-02
222 -6.371717e-01 6.285714e-02 -4.665072e-02
223 -6.371717e-01 7.857143e-02 -4.665072e-02
224 -6.371717e-01 9.428571e-02 -4.665072e-02
225 -6.371717e-01 1.100000e-01 -4.665072e-02
226 -6.371717e-01 1.100000e-01 -3.040072e-02
227 -6.371717e-01 1.100000e-01 -1.415072e-02
228 -6.371717e-01 1.100000e-01 -2.168404e-19
229 -6.218182e-01 -1.100000e-01 -4.665072e-02
230 -6.218182e-01 -1.100000e-01 -3.040072e-02
231 -6.218182e-01 -1.100000e-01 -1.415072e-02
232 -6.218182e-01 -1.100000e-01 -2.168404e-19
233 -6.218182e-01 -9.428571e-02 -4.665072e-02
234 -6.218182e-01 -7.857143e-02 -4.665072e-02
235 -6.218182e-01 -6.285714e-02 -4.665072e-02
236 -6.218182e-01 -4.714286e-02 -4.665072e-02
237 -6.218182e-01 -3.142857e-02 -4.665072e-02
238 -6.218182e-01 -1.571429e-02 -4.665072e-02
239 -6.218182e-01 1.387779e-17 -4.665072e-02
240 -6.218182e-01 1.571429e-02 -4.665072e-02
241 -6.218182e-01 3.142857e-02 -4.665072e-02
242 -6.218182e-01 4.714286e-02 -4.665072e-02
243 -6.218182e-01 6.285714e-02 -4.665072e-02
244 -6.218182e-01 7.857143e-02 -4.665072e-02
245 -6.218182e-01 9.428571e-02 -4.665072e-02
246 -6.218182e-01 1.100000e-01 -4.665072e-02
247 -6.218182e-01 1.100000e-01 -3.040072e-02
248 -6.218182e-01 1.100000e-01 -1.415072e-02
249 -6.218182e-01 1.100000e-01 -2.168404e-19
250 -6.064646e-01 -1.100000e-01 -4.665072e-02
251 -6.064646e-01 -1.100000e-01 -3.040072e-02
252 -6.064646e-01 -1.100000e-01 -1.415072e-02
253 -6.064646e-01 -1.100000e-01 -2.168404e-19
254 -6.064646e-01 -9.428571e-02 -4.665072e-02
255 -6.064646e-01 -7.857143e-02 -4.665072e-02
256 -6.064646e-01 -6.285714e-02 -4.665072e-02
257 -6.064646e-01 -4.714286e-02 -4.665072e-02
258 -6.064646e-01 -3.142857e-02 -4.665072e-02
259 -6.064646e-01 -1.571429e-02 -4.665072e-02
260 -6.064646e-01 1.387779e-17 -4.665072e-02
261 -6.064646e-01 1.571429e-02 -4.665072e-02
262 -6.064646e-01 3.142857e-02 -4.665072e-02
263 -6.064646e-01 4.714286e-02 -4.665072e-02
264 -6.064646e-01 6.285714e-02 -4.665072e-02
265 -6.064646e-01 7.857143e-02 -4.665072e-02
266 -6.064646e-01 9.428571e-02 -4.665072e-02
267 -6.064646e-01 1.100000e-01 -4.665072e-02
268 -6.064646e-01 1.100000e-01 -3.040072e-02
269 -6.064646e-01 1.100000e-01 -1.415072e-02
270 -6.064646e-01 1.100000e-01 -2.168404e-19
271 -5.911111e-01 -1.100000e-01 -4.665072e-02
272 -5.911111e-01 -1.100000e-01 -3.040072e-02
273 -5.911111e-01 -1.100000e-01 -1.415072e-02
274 -5.911111e-01 -1.100000e-01 -2.168404e-19
275 -5.911111e-01 -9.428571e-02 -4.665072e-02
276 -5.911111e-01 -7.857143e-02 -4.665072e-02
277 -5.911111e-01 -6.285714e-02 -4.665072e-02
278 -5.911111e-01 -4.714286e-02 -4.665072e-02
279 -5.911111e-01 -3.142857e-02 -4.665072e-02
280 -5.911111e-01 -1.571429e-02 -4.665072e-02
281 -5.911111e-01 1.387779e-17 -4.665072e-02
282 -5.911111e-01 1.571429e-02 -4.665072e-02
283 -5.911111e-01 3.142857e-02 -4.665072e-02
284 -5.911111e-01 4.714286e-02 -4.665072e-02
285 -5.911111e-01 6.285714e-02 -4.665072e-02
286 -5.911111e-01 7.857143e-02 -4.665072e-02
287 -5.911111e-01 9.428571e-02 -4.665072e-02
288 -5.911111e-01 1.100000e-01 -4.665072e-02
289 -5.911111e-01 1.100000e-01 -3.040072e-02
290 -5.911111e-01 1.100000e-01 -1.415072e-02
291 -5.911111e-01 1.100000e-01 -2.168404e-19
292 -5.757576e-01 -1.100000e-01 -4.665072e-02
293 -5.757576e-01 -1.100000e-01 -3.040072e-02
294 -5.757576e-01 -1.100000e-01 -1.415072e-02
295 -5.757576e-01 -1.100000e-01 -2.168404e-19
296 -5.757576e-01 -9.428571e-02 -4.665072e-02
297 -5.757576e-01 -7.857143e-02 -4.665072e-02
298 -5.757576e-01 -6.285714e-02 -4.665072e-02
299 -5.757576e-01 -4.714286e-02 -4.665072e-02
300 -5.757576e-01 -3.142857e-02 -4.665072e-02
301 -5.757576e-01 -1.571429e-02 -4.665072e-02
302 -5.757576e-01 1.387779e-17 -4.665072e-02
303 -5.757576e-01 1.571429e-02 -4.665072e-02
304 -5.757576e-01 3.142857e-02 -4.665072e-02
305 -5.757576e-01 4.714286e-02 -4.665072e-02
306 -5.757576e-01 6.285714e-02 -4.665072e-02
307 -5.757576e-01 7.857143e-02 -4.665072e-02
308 -5.757576e-01 9.428571e-02 -4.665072e-02
309 -5.757576e-01 1.100000e-01 -4.665072e-02
310 -5.757576e-01 1.100000e-01 -3.040072e-02
311 -5.757576e-01 1.100000e-01 -1.415072e-02
312 -5.757576e-01 1.100000e-01 -2.168404e-19
313 -5.604040e-01 -1.100000e-01 -4.665072e-02
314 -5.604040e-01 -1.100000e-01 -3.040072e-02
315 -5.604040e-01 -1.100000e-01 -1.415072e-02
316 -5.604040e-01 -1.100000e-01 -2.168404e-19
317 -5.604040e-01 -9.428571e-02 -4.665072e-02
318 -5.604040e-01 -7.857143e-02 -4.665072e-02
319 -5.604040e-01 -6.285714e-02 -4.665072e-02
320 -5.604040e-01 -4.714286e-02 -4.665072e-02
321 -5.604040e-01 -3.142857e-02 -4.665072e-02
322 -5.604040e-01 -1.571429e-02 -4.665072e-02
323 -5.604040e-01 1.387779e-17 -4.665072e-02
324 -5.604040e-01 1.571429e-02 -4.665072e-02
325 -5.604040e-01 3.142857e-02 -4.665072e-02
326 -5.604040e-01 4.714286e-02 -4.665072e-02
327 -5.604040e-01 6.285714e-02 -4.665072e-02
328 -5.604040e-01 7.857143e-02 -4.665072e-02
329 -5.604040e-01 9.428571e-02 -4.665072e-02
330 -5.604040e-01 1.100000e-01 -4.665072e-02
331 -5.604040e-01 1.100000e-01 -3.040072e-02
332 -5.604040e-01 1.100000e-01 -1.415072e-02
333 -5.604040e-01 1.100000e-01 -2.168404e-19
334 -5.450505e-01 -1.100000e-01 -4.665072e-02
335 -5.450505e-01 -1.100000e-01 -3.040072e-02
336 -5.450505e-01 -1.100000e-01 -1.415072e-02
337 -5.450505e-01 -1.100000e-01 -2.168404e-19
338 -5.450505e-01 -9.428571e-02 -4.665072e-02
339 -5.450505e-01 -7.857143e-02 -4.665072e-02
340 -5.450505e-01 -6.285714e-02 -4.665072e-02
341 -5.450505e-01 -4.714286e-02 -4.665072e-02
342 -5.450505e-01 -3.142857e-02 -4.665072e-02
343 -5.450505e-01 -1.571429e-02 -4.665072e-02
344 -5.450505e-01 1.387779e-17 -4.665072e-02
345 -5.450505e-01 1.571429e-02 -4.665072e-02
346 -5.450505e-01 3.142857e-02 -4.665072e-02
347 -5.450505e-01 4.714286e-02 -4.665072e-02
348 -5.450505e-01 6.285714e-02 -4.665072e-02
349 -5.450505e-01 7.857143e-02 -4.665072e-02
350 -5.450505e-01 9.428571e-02 -4.665072e-02
351 -5.450505e-01 1.100000e-01 -4.665072e-02
352 -5.450505e-01 1.100000e-01 -3.040072e-02
353 -5.450505e-01 1.100000e-01 -1.415072e-02
354 -5.450505e-01 1.100000e-01 -2.168404e-19
355 -5.296970e-01 -1.100000e-01 -4.665072e-02
356 -5.296970e-01 -1.100000e-01 -3.040072e-02
357 -5.296970e-01 -1.100000e-01 -1.415072e-02
358 -5.296970e-01 -1.100000e-01 -2.168404e-19
359 -5.296970e-01 -9.428571e-02 -4.665072e-02
360 -5.296970e-01 -7.857143e-02 -4.665072e-02
361 -5.296970e-01 -6.285714e-02 -4.665072e-02
362 -5.296970e-01 -4.714286e-02 -4.665072e-02
363 -5.296970e-01 -3.142857e-02 -4.665072e-02
364 -5.296970e-01 -1.571429e-02 -4.665072e-02
365 -5.296970e-01 1.387779e-17 -4.665072e-02
366 -5.296970e-01 1.571429e-02 -4.665072e-02
367 -5.296970e-01 3.142857e-02 -4.665072e-02
368 -5.296970e-01 4.714286e-02 -4.665072e-02
369 -5.296970e-01 6.285714e-02 -4.665072e-02
370 -5.296970e-01 7.857143e-02 -4.665072e-02
371 -5.296970e-01 9.428571e-02 -4.665072e-02
372 -5.296970e-01 1.100000e-01 -4.665072e-02
373 -5.296970e-01 1.100000e-01 -3.040072e-02
374 -5.296970e-01 1.100000e-01 -1.415072e-02
375 -5.296970e-01 1.100000e-01 -2.168404e-19
376 -5.143434e-01 -1.100000e-01 -4.665072e-02
377 -5.143434e-01 -1.100000e-01 -3.040072e-02
378 -5.143434e-01 -1.100000e-01 -1.415072e-02
379 -5.143434e-01 -1.100000e-01 -2.168404e-19
380 -5.143434e-01 -9.428571e-02 -4.665072e-02
381 -5.143434e-01 -7.857143e-02 -4.665072e-02
382 -5.143434e-01 -6.285714e-02 -4.665072e-02
383 -5.143434e-01 -4.714286e-02 -4.665072e-02
384 -5.143434e-01 -3.142857e-02 -4.665072e-02
385 -5.143434e-01 -1.571429e-02 -4.665072e-02
386 -5.143434e-01 1.387779e-17 -4.665072e-02
387 -5.143434e-01 1.571429e-02 -4.665072e-02
388 -5.143434e-01 3.142857e-02 -4.665072e-02
389 -5.143434e-01 4.714286e-02 -4.665072e-02
390 -5.143434e-01 6.285714e-02 -4.665072e-02
391 -5.143434e-01 7.857143e-02 -4.665072e-02
392 -5.143434e-01 9.428571e-02 -4.665072e-02
393 -5.143434e-01 1.100000e-01 -4.665072e-02
394 -5.143434e-01 1.100000e-01 -3.040072e-02
395 -5.143434e-01 1.100000e-01 -1.415072e-02
396 -5.143434e-01 1.100000e-01 -2.168404e-19
397 -4.989899e-01 -1.100000e-01 -4.665072e-02
398 -4.989899e-01 -1.100000e-01 -3.040072e-02
399 -4.989899e-01 -1.100000e-01 -1.415072e-02
400 -4.989899e-01 -1.100000e-01 -2.168404e-19
401 -4.989899e-01 -9.428571e-02 -4.665072e-02
402 -4.989899e-01 -7.857143e-02 -4.665072e-02
403 -4.989899e-01 -6.285714e-02 -4.665072e-02
404 -4.989899e-01 -4.714286e-02 -4.665072e-02
405 -4.989899e-01 -3.142857e-02 -4.665072e-02
406 -4.989899e-01 -1.571429e-02 -4.665072e-02
407 -4.989899e-01 1.387779e-17 -4.665072e-02
408 -4.989899e-01 1.571429e-02 -4.665072e-02
409 -4.989899e-01 3.142857e-02 -4.665072e-02
410 -4.989899e-01 4.714286e-02 -4.665072e-02
411 -4.989899e-01 6.285714e-02 -4.665072e-02
412 -4.989899e-01 7.857143e-02 -4.665072e-02
413 -4.989899e-01 9.428571e-02 -4.665072e-02
414 -4.989899e-01 1.100000e-01 -4.665072e-02
415 -4.989899e-01 1.100000e-01 -3.040072e-02
416 -4.989899e-01 1.100000e-01 -1.415072e-02
417 -4.989899e-01 1.100000e-01 -2.168404e-19
418 -4.836364e-01 -1.100000e-01 -4.665072e-02
419 -4.836364e-01 -1.100000e-01 -3.040072e-02
420 -4.836364e-01 -1.100000e-01 -1.415072e-02
421 -4.836364e-01 -1.100000e-01 -2.168404e-19
422 -4.836364e-01 -9.428571e-02 -4.665072e-02
423 -4.836364e-01 -7.857143e-02 -4.665072e-02
424 -4.836364e-01 -6.285714e-02 -4.665072e-02
425 -4.836364e-01 -4.714286e-02 -4.665072e-02
426 -4.836364e-01 -3.142857e-02 -4.665072e-02
427 -4.836364e-01 -1.571429e-02 -4.665072e-02
428 -4.836364e-01 1.387779e-17 -4.665072e-02
429 -4.836364e-01 1.571429e-02 -4.665072e-02
430 -4.836364e-01 3.142857e-02 -4.665072e-02
431 -4.836364e-01 4.714286e-02 -4.665072e-02
432 -4.836364e-01 6.285714e-02 -4.665072e-02
433 -4.836364e-01 7.857143e-02 -4.665072e-02
434 -4.836364e-01 9.428571e-02 -4.665072e-02
435 -4.836364e-01 1.100000e-01 -4.665072e-02
436 -4.836364e-01 1.100000e-01 -3.040072e-02
437 -4.836364e-01 1.100000e-01 -1.415072e-02
438 -4.836364e-01 1.100000e-01 -2.168404e-19
439 -4.682828e-01 -1.100000e-01 -4.665072e-02
440 -4.682828e-01 -1.100000e-01 -3.040072e-02
441 -4.682828e-01 -1.100000e-01 -1.415072e-02
442 -4.682828e-01 -1.100000e-01 -2.168404e-19
443 -4.682828e-01 -9.428571e-02 -4.665072e-02
444 -4.682828e-01 -7.857143e-02 -4.665072e-02
445 -4.682828e-01 -6.285714e-02 -4.665072e-02
446 -4.682828e-01 -4.714286e-02 -4.665072e-02
447 -4.682828e-01 -3.142857e-02 -4.665072e-02
448 -4.682828e-01 -1.571429e-02 -4.665072e-02
449 -4.682828e-01 1.387779e-17 -4.665072e-02
450 -4.682828e-01 1.571429e-02 -4.665072e-02
451 -4.682828e-01 3.142857e-02 -4.665072e-02
452 -4.682828e-01 4.714286e-02 -4.665072e-02
453 -4.682828e-01 6.285714e-02 -4.665072e-02
454 -4.682828e-01 7.857143e-02 -4.665072e-02
455 -4.682828e-01 9.428571e-02 -4.665072e-02
456 -4.682828e-01 1.100000e-01 -4.665072e-02
457 -4.682828e-01 1.100000e-01 -3.040072e-02
458 -4.682828e-01 1.100000e-01 -1.415072e-02
459 -4.682828e-01 1.100000e-01 -2.168404e-19
460 -4.529293e-01 -1.100000e-01 -4.665072e-02
461 -4.529293e-01 -1.100000e-01 -3.040072e-02
462 -4.529293e-01 -1.100000e-01 -1.415072e-02
463 -4.529293e-01 -1.100000e-01 -2.168404e-19
464 -4.529293e-01 -9.428571e-02 -4.665072e-02
465 -4.529293e-01 -7.857143e-02 -4.665072e-02
466 -4.529293e-01 -6.285714e-02 -4.665072e-02
467 -4.529293e-01 -4.714286e-02 -4.665072e-02
468 -4.529293e-01 -3.142857e-02 -4.665072e-02
469 -4.529293e-01 -1.571429e-02 -4.665072e-02
470 -4.529293e-01 1.387779e-17 -4.665072e-02
471 -4.529293e-01 1.571429e-02 -4.665072e-02
472 -4.529293e-01 3.142857e-02 -4.665072e-02
473 -4.529293e-01 4.714286e-02 -4.665072e-02
474 -4.529293e-01 6.285714e-02 -4.665072e-02
475 -4.529293e-01 7.857143e-02 -4.665072e-02
476 -4.529293e-01 9.428571e-02 -4.665072e-02
477 -4.529293e-01 1.100000e-01 -4.665072e-02
478 -4.529293e-01 1.100000e-01 -3.040072e-02
479 -4.529293e-01 1.100000e-01 -1.415072e-02
480 -4.529293e-01 1.100000e-01 -2.168404e-19
481 -4.375758e-01 -1.100000e-01 -4.665072e-02
482 -4.375758e-01 -1.100000e-01 -3.040072e-02
483 -4.375758e-01 -1.100000e-01 -1.415072e-02
484 -4.375758e-01 -1.100000e-01 -2.168404e-19
485 -4.375758e-01 -9.428571e-02 -4.665072e-02
486 -4.375758e-01 -7.857143e-02 -4.665072e-02
487 -4.375758e-01 -6.285714e-02 -4.665072e-02
488 -4.375758e-01 -4.714286e-02 -4.665072e-02
489 -4.375758e-01 -3.142857e-02 -4.665072e-02
490 -4.375758e-01 -1.571429e-02 -4.665072e-02
491 -4.375758e-01 1.387779e-17 -4.665072e-02
492 -4.375758e-01 1.571429e-02 -4.665072e-02
493 -4.375758e-01 3.142857e-02 -4.665072e-02
494 -4.375758e-01 4.714286e-02 -4.665072e-02
495 -4.375758e-01 6.285714e-02 -4.665072e-02
496 -4.375758e-01 7.857143e-02 -4.665072e-02
497 -4.375758e-01 9.428571e-02 -4.665072e-02
498 -4.375758e-01 1.100000e-01 -4.665072e-02
499 -4.375758e-01 1.100000e-01 -3.040072e-02
500 -4.375758e-01 1.100000e-01 -1.415072e-02
501 -4.375758e-01 1.100000e-01 -2.168404e-19
502 -4.222222e-01 -1.100000e-01 -4.665072e-02
503 -4.222222e-01 -1.100000e-01 -3.040072e-02
504 -4.222222e-01 -1.100000e-01 -1.415072e-02
505 -4.222222e-01 -1.100000e-01 -2.168404e-19
506 -4.222222e-01 -9.428571e-02 -4.665072e-02
507 -4.222222e-01 -7.857143e-02 -4.665072e-02
508 -4.222222e-01 -6.285714e-02 -4.665072e-02
509 -4.222222e-01 -4.714286e-02 -4.665072e-02
510 -4.222222e-01 -3.142857e-02 -4.665072e-02
511 -4.222222e-01 -1.571429e-02 -4.665072e-02
512 -4.222222e-01 1.387779e-17 -4.665072e-02
513 -4.222222e-01 1.571429e-02 -4.665072e-02
514 -4.222222e-01 3.142857e-02 -4.665072e-02
515 -4.222222e-01 4.714286e-02 -4.665072e-02
516 -4.222222e-01 6.285714e-02 -4.665072e-02
517 -4.222222e-01 7.857143e-02 -4.665072e-02
518 -4.222222e-01 9.428571e-02 -4.665072e-02
519 -4.222222e-01 1.100000e-01 -4.665072e-02
520 -4.222222e-01 1.100000e-01 -3.040072e-02
521 -4.222222e-01 1.100000e-01 -1.415072e-02
522 -4.222222e-01 1.100000e-01 -2.168404e-19
523 -4.068687e-01 -1.100000e-01 -4.665072e-02
524 -4.068687e-01 -1.100000e-01 -3.040072e-02
525 -4.068687e-01 -1.100000e-01 -1.415072e-02
526 -4.068687e-01 -1.100000e-01 -2.168404e-19
527 -4.068687e-01 -9.428571e-02 -4.665072e-02
528 -4.068687e-01 -7.857143e-02 -4.665072e-02
529 -4.068687e-01 -6.285714e-02 -4.665072e-02
530 -4.068687e-01 -4.714286e-02 -4.665072e-02
531 -4.068687e-01 -3.142857e-02 -4.665072e-02
532 -4.068687e-01 -1.571429e-02 -4.665072e-02
533 -4.068687e-01 1.387779e-17 -4.665072e-02
534 -4.068687e-01 1.571429e-02 -4.665072e-02
535 -4.068687e-01 3.142857e-02 -4.665072e-02
536 -4.068687e-01 4.714286e-02 -4.665072e-02
537 -4.068687e-01 6.285714e-02 -4.665072e-02
538 -4.068687e-01 7.857143e-02 -4.665072e-02
539 -4.068687e-01 9.428571e-02 -4.665072e-02
540 -4.068687e-01 1.100000e-01 -4.665072e-02
541 -4.068687e-01 1.100000e-01 -3.040072e-02
542 -4.068687e-01 1.100000e-01 -1.415072e-02
543 -4.068687e-01 1.100000e-01 -2.168404e-19
544 -3.915152e-01 -1.100000e-01 -4.665072e-02
545 -3.915152e-01 -1.100000e-01 -3.040072e-02
546 -3.915152e-01 -1.100000e-01 -1.415072e-02
547 -3.915152e-01 -1.100000e-01 -2.168404e-19
548 -3.915152e-01 -9.428571e-02 -4.665072e-02
549 -3.915152e-01 -7.857143e-02 -4.665072e-02
550 -3.915152e-01 -6.285714e-02 -4.665072e-02
551 -3.915152e-01 -4.714286e-02 -4.665072e-02
552 -3.915152e-01 -3.142857e-02 -4.665072e-02
553 -3.915152e-01 -1.571429e-02 -4.665072e-02
554 -3.915152e-01 1.387779e-17 -4.665072e-02
555 -3.915152e-01 1.571429e-02 -4.665072e-02
556 -3.915152e-01 3.142857e-02 -4.665072e-02
557 -3.915152e-01 4.714286e-02 -4.665072e-02
558 -3.915152e-01 6.285714e-02 -4.665072e-02
559 -3.915152e-01 7.857143e-02 -4.665072e-02
560 -3.915152e-01 9.428571e-02 -4.665072e-02
561 -3.915152e-01 1.100000e-01 -4.665072e-02
562 -3.915152e-01 1.100000e-01 -3.040072e-02
563 -3.915152e-01 1.100000e-01 -1.415072e-02
564 -3.915152e-01 1.100000e-01 -2.168404e-19
565 -3.761616e-01 -1.100000e-01 -4.665072e-02
566 -3.761616e-01 -1.100000e-01 -3.040072e-02
567 -3.761616e-01 -1.100000e-01 -1.415072e-02
568 -3.761616e-01 -1.100000e-01 -2.168404e-19
569 -3.761616e-01 -9.428571e-02 -4.665072e-02
570 -3.761616e-01 -7.857143e-02 -4.665072e-02
571 -3.761616e-01 -6.285714e-02 -4.665072e-02
572 -3.761616e-01 -4.714286e-02 -4.665072e-02
573 -3.761616e-01 -3.142857e-02 -4.665072e-02
574 -3.761616e-01 -1.571429e-02 -4.665072e-02
575 -3.761616e-01 1.387779e-17 -4.665072e-02
576 -3.761616e-01 1.571429e-02 -4.665072e-02
577 -3.761616e-01 3.142857e-02 -4.665072e-02
578 -3.761616e-01 4.714286e-02 -4.665072e-02
579 -3.761616e-01 6.285714e-02 -4.665072e-02
580 -3.761616e-01 7.857143e-02 -4.665072e-02
581 -3.761616e-01 9.428571e-02 -4.665072e-02
582 -3.761616e-01 1.100000e-01 -4.665072e-02
583 -3.761616e-01 1.100000e-01 -3.040072e-02
584 -3.761616e-01 1.100000e-01 -1.415072e-02
585 -3.761616e-01 1.100000e-01 -2.168404e-19
586 -3.608081e-01 -1.100000e-01 -4.665072e-02
587 -3.608081e-01 -1.100000e-01 -3.040072e-02
588 -3.608081e-01 -1.100000e-01 -1.415072e-02
589 -3.608081e-01 -1.100000e-01 -2.168404e-19
590 -3.608081e-01 -9.428571e-02 -4.665072e-02
591 -3.608081e-01 -7.857143e-02 -4.665072e-02
592 -3.608081e-01 -6.285714e-02 -4.665072e-02
593 -3.608081e-01 -4.714286e-02 -4.665072e-02
594 -3.608081e-01 -3.142857e-02 -4.665072e-02
595 -3.608081e-01 -1.571429e-02 -4.665072e-02
596 -3.608081e-01 1.387779e-17 -4.665072e-02
597 -3.608081e-01 1.571429e-02 -4.665072e-02
598 -3.608081e-01 3.142857e-02 -4.665072e-02
599 -3.608081e-01 4.714286e-02 -4.665072e-02
600 -3.608081e-01 6.285714e-02 -4.665072e-02
601 -3.608081e-01 7.857143e-02 -4.665072e-02
602 -3.608081e-01 9.428571e-02 -4.665072e-02
603 -3.608081e-01 1.100000e-01 -4.665072e-02
604 -3.608081e-01 1.100000e-01 -3.040072e-02
605 -3.608081e-01 1.100000e-01 -1.415072e-02
606 -3.608081e-01 1.100000e-01 -2.168404e-19
607 -3.454545e-01 -1.100000e-01 -4.665072e-02
608 -3.454545e-01 -1.100000e-01 -3.040072e-02
609 -3.454545e-01 -1.100000e-01 -1.415072e-02
610 -3.454545e-01 -1.100000e-01 -2.168404e-19
611 -3.454545e-01 -9.428571e-02 -4.665072e-02
612 -3.454545e-01 -7.857143e-02 -4.665072e-02
613 -3.454545e-01 -6.285714e-02 -4.665072e-02
614 -3.454545e-01 -4.714286e-02 -4.665072e-02
615 -3.454545e-01 -3.142857e-02 -4.665072e-02
616 -3.454545e-01 -1.571429e-02 -4.665072e-02
617 -3.454545e-01 1.387779e-17 -4.665072e-02
618 -3.454545e-01 1.571429e-02 -4.665072e-02
619 -3.454545e-01 3.142857e-02 -4.665072e-02
620 -3.454545e-01 4.714286e-02 -4.665072e-02
621 -3.454545e-01 6.285714e-02 -4.665072e-02
622 -3.454545e-01 7.857143e-02 -4.665072e-02
623 -3.454545e-01 9.428571e-02 -4.665072e-02
624 -3.454545e-01 1.100000e-01 -4.665072e-02
625 -3.454545e-01 1.100000e-01 -3.040072e-02
626 -3.454545e-01 1.100000e-01 -1.415072e-02
627 -3.454545e-01 1.100000e-01 -2.168404e-19
628 -3.301010e-01 -1.100000e-01 -4.665072e-02
629 -3.301010e-01 -1.100000e-01 -3.040072e-02
630 -3.301010e-01 -1.100000e-01 -1.415072e-02
631 -3.301010e-01 -1.100000e-01 -2.168404e-19
632 -3.301010e-01 -9.428571e-02 -4.665072e-02
633 -3.301010e-01 -7.857143e-02 -4.665072e-02
634 -3.301010e-01 -6.285714e-02 -4.665072e-02
635 -3.301010e-01 -4.714286e-02 -4.665072e-02
636 -3.301010e-01 -3.142857e-02 -4.665072e-02
637 -3.301010e-01 -1.571429e-02 -4.665072e-02
638 -3.301010e-01 1.387779e-17 -4.665072e-02
639 -3.301010e-01 1.571429e-02 -4.665072e-02
640 -3.301010e-01 3.142857e-02 -4.665072e-02
641 -3.301010e-01 4.714286e-02 -4.665072e-02
642 -3.301010e-01 6.285714e-02 -4.665072e-02
643 -3.301010e-01 7.857143e-02 -4.665072e-02
644 -3.301010e-01 9.428571e-02 -4.665072e-02
645 -3.301010e-01 1.100000e-01 -4.665072e-02
646 -3.301010e-01 1.100000e-01 -3.040072e-02
647 -3.301010e-01 1.100000e-01 -1.415072e-02
648 -3.301010e-01 1.100000e-01 -2.168404e-19
649 -3.147475e-01 -1.100000e-01 -4.665072e-02
650 -3.147475e-01 -1.100000e-01 -3.040072e-02
651 -3.147475e-01 -1.100000e-01 -1.415072e-02
652 -3.147475e-01 -1.100000e-01 -2.168404e-19
653 -3.147475e-01 -9.428571e-02 -4.665072e-02
654 -3.147475e-01 -7.857143e-02 -4.665072e-02
655 -3.147475e-01 -6.285714e-02 -4.665072e-02
656 -3.147475e-01 -4.714286e-02 -4.665072e-02
657 -3.147475e-01 -3.142857e-02 -4.665072e-02
658 -3.147475e-01 -1.571429e-02 -4.665072e-02
659 -3.147475e-01 1.387779e-17 -4.665072e-02
660 -3.147475e-01 1.571429e-02 -4.665072e-02
661 -3.147475e-01 3.142857e-02 -4.665072e-02
662 -3.147475e-01 4.714286e-02 -4.665072e-02
663 -3.147475e-01 6.285714e-02 -4.665072e-02
664 -3.147475e-01 7.857143e-02 -4.665072e-02
665 -3.147475e-01 9.428571e-02 -4.665072e-02
666 -3.147475e-01 1.100000e-01 -4.665072e-02
667 -3.147475e-01 1.100000e-01 -3.040072e-02
668 -3.147475e-01 1.100000e-01 -1.415072e-02
669 -3.147475e-01 1.100000e-01 -2.168404e-19
670 -2.993939e-01 -1.100000e-01 -4.665072e-02
671 -2.993939e-01 -1.100000e-01 -3.040072e-02
672 -2.993939e-01 -1.100000e-01 -1.415072e-02
673 -2.993939e-01 -1.100000e-01 -2.168404e-19
674 -2.993939e-01 -9.428571e-02 -4.665072e-02
675 -2.993939e-01 -7.857143e-02 -4.665072e-02
676 -2.993939e-01 -6.285714e-02 -4.665072e-02
677 -2.993939e-01 -4.714286e-02 -4.665072e-02
678 -2.993939e-01 -3.142857e-02 -4.665072e-02
679 -2.993939e-01 -1.571429e-02 -4.665072e-02
680 -2.993939e-01 1.387779e-17 -4.665072e-02
681 -2.993939e-01 1.571429e-02 -4.665072e-02
682 -2.993939e-01 3.142857e-02 -4.665072e-02
683 -2.993939e-01 4.714286e-02 -4.665072e-02
684 -2.993939e-01 6.285714e-02 -4.665072e-02
685 -2.993939e-01 7.857143e-02 -4.665072e-02
686 -2.993939e-01 9.428571e-02 -4.665072e-02
687 -2.993939e-01 1.100000e-01 -4.665072e-02
688 -2.993939e-01 1.100000e-01 -3.040072e-02
689 -2.993939e-01 1.100000e-01 -1.415072e-02
690 -2.993939e-01 1.100000e-01 -2.168404e-19
691 -2.840404e-01 -1.100000e-01 -4.665072e-02
692 -2.840404e-01 -1.100000e-01 -3.040072e-02
693 -2.840404e-01 -1.100000e-01 -1.415072e-02
694 -2.840404e-01 -1.100000e-01 -2.168404e-19
695 -2.840404e-01 -9.428571e-02 -4.665072e-02
696 -2.840404e-01 -7.857143e-02 -4.665072e-02
697 -2.840404e-01 -6.285714e-02 -4.665072e-02
698 -2.840404e-01 -4.714286e-02 -4.665072e-02
699 -2.840404e-01 -3.142857e-02 -4.665072e-02
700 -2.840404e-01 -1.571429e-02 -4.665072e-02
701 -2.840404e-01 1.387779e-17 -4.665072e-02
702 -2.840404e-01 1.571429e-02 -4.665072e-02
703 -2.840404e-01 3.142857e-02 -4.665072e-02
704 -2.840404e-01 4.714286e-02 -4.665072e-02
705 -2.840404e-01 6.285714e-02 -4.665072e-02
706 -2.840404e-01 7.857143e-02 -4.665072e-02
707 -2.840404e-01 9.428571e-02 -4.665072e-02
708 -2.840404e-01 1.100000e-01 -4.665072e-02
709 -2.840404e-01 1.100000e-01 -3.040072e-02
710 -2.840404e-01 1.100000e-01 -1.415072e-02
711 -2.840404e-01 1.100000e-01 -2.168404e-19
712 -2.686869e-01 -1.100000e-01 -4.665072e-02
713 -2.686869e-01 -1.100000e-01 -3.040072e-02
714 -2.686869e-01 -1.100000e-01 -1.415072e-02
715 -2.686869e-01 -1.100000e-01 -2.168404e-19
716 -2.686869e-01 -9.428571e-02 -4.665072e-02
717 -2.686869e-01 -7.857143e-02 -4.665072e-02
718 -2.686869e-01 -6.285714e-02 -4.665072e-02
719 -2.686869e-01 -4.714286e-02 -4.665072e-02
720 -2.686869e-01 -3.142857e-02 -4.665072e-02
721 -2.686869e-01 -1.571429e-02 -4.665072e-02
722 -2.686869e-01 1.387779e-17 -4.665072e-02
723 -2.686869e-01 1.571429e-02 -4.665072e-02
724 -2.686869e-01 3.142857e-02 -4.665072e-02
725 -2.686869e-01 4.714286e-02 -4.665072e-02
726 -2.686869e-01 6.285714e-02 -4.665072e-02
727 -2.686869e-01 7.857143e-02 -4.665072e-02
728 -2.686869e-01 9.428571e-02 -4.665072e-02
729 -2.686869e-01 1.100000e-01 -4.665072e-02
730 -2.686869e-01 1.100000e-01 -3.040072e-02
731 -2.686869e-01 1.100000e-01 -1.415072e-02
732 -2.686869e-01 1.100000e-01 -2.168404e-19
733 -2.533333e-01 -1.100000e-01 -4.665072e-02
734 -2.533333e-01 -1.100000e-01 -3.040072e-02
735 -2.533333e-01 -1.100000e-01 -1.415072e-02
736 -2.533333e-01 -1.100000e-01 -2.168404e-19
737 -2.533333e-01 -9.428571e-02 -4.665072e-02
738 -2.533333e-01 -7.857143e-02 -4.665072e-02
739 -2.533333e-01 -6.285714e-02 -4.665072e-02
740 -2.533333e-01 -4.714286e-02 -4.665072e-02
741 -2.533333e-01 -3.142857e-02 -4.665072e-02
742 -2.533333e-01 -1.571429e-02 -4.665072e-02
743 -2.533333e-01 1.387779e-17 -4.665072e-02
744 -2.533333e-01 1.571429e-02 -4.665072e-02
745 -2.533333e-01 3.142857e-02 -4.665072e-02
746 -2.533333e-01 4.714286e-02 -4.665072e-02
747 -2.533333e-01 6.285714e-02 -4.665072e-02
748 -2.533333e-01 7.857143e-02 -4.665072e-02
749 -2.533333e-01 9.428571e-02 -4.665072e-02
750 -2.533333e-01 1.100000e-01 -4.665072e-02
751 -2.533333e-01 1.100000e-01 -3.040072e-02
752 -2.533333e-01 1.100000e-01 -1.415072e-02
753 -2.533333e-01 1.100000e-01 -2.168404e-19
754 -2.379798e-01 -1.100000e-01 -4.665072e-02
755 -2.379798e-01 -1.100000e-01 -3.040072e-02
756 -2.379798e-01 -1.100000e-01 -1.415072e-02
757 -2.379798e-01 -1.100000e-01 -2.168404e-19
758 -2.379798e-01 -9.428571e-02 -4.665072e-02
759 -2.379798e-01 -7.857143e-02 -4.665072e-02
760 -2.379798e-01 -6.285714e-02 -4.665072e-02
761 -2.379798e-01 -4.714286e-02 -4.665072e-02
762 -2.379798e-01 -3.142857e-02 -4.665072e-02
763 -2.379798e-01 -1.571429e-02 -4.665072e-02
764 -2.379798e-01 1.387779e-17 -4.665072e-02
765 -2.379798e-01 1.571429e-02 -4.665072e-02
766 -2.379798e-01 3.142857e-02 -4.665072e-02
767 -2.379798e-01 4.714286e-02 -4.665072e-02
768 -2.379798e-01 6.285714e-02 -4.665072e-02
769 -2.379798e-01 7.857143e-02 -4.665072e-02
770 -2.379798e-01 9.428571e-02 -4.665072e-02
771 -2.379798e-01 1.100000e-01 -4.665072e-02
772 -2.379798e-01 1.100000e-01 -3.040072e-02
773 -2.379798e-01 1.100000e-01 -1.415072e-02
774 -2.379798e-01 1.100000e-01 -2.168404e-19
775 -2.226263e-01 -1.100000e-01 -4.665072e-02
776 -2.226263e-01 -1.100000e-01 -3.040072e-02
777 -2.226263e-01 -1.100000e-01 -1.415072e-02
778 -2.226263e-01 -1.100000e-01 -2.168404e-19
779 -2.226263e-01 -9.428571e-02 -4.665072e-02
780 -2.226263e-01 -7.857143e-02 -4.665072e-02
781 -2.226263e-01 -6.285714e-02 -4.665072e-02
782 -2.226263e-01 -4.714286e-02 -4.665072e-02
783 -2.226263e-01 -3.142857e-02 -4.665072e-02
784 -2.226263e-01 -1.571429e-02 -4.665072e-02
785 -2.226263e-01 1.387779e-17 -4.665072e-02
786 -2.226263e-01 1.571429e-02 -4.665072e-02
787 -2.226263e-01 3.142857e-02 -4.665072e-02
788 -2.226263e-01 4.714286e-02 -4.665072e-02
789 -2.226263e-01 6.285714e-02 -4.665072e-02
790 -2.226263e-01 7.857143e-02 -4.665072e-02
791 -2.226263e-01 9.428571e-02 -4.665072e-02
792 -2.226263e-01 1.100000e-01 -4.665072e-02
793 -2.226263e-01 1.100000e-01 -3.040072e-02
794 -2.226263e-01 1.100000e-01 -1.415072e-02
795 -2.226263e-01 1.100000e-01 -2.168404e-19
796 -2.072727e-01 -1.100000e-01 -4.665072e-02
797 -2.072727e-01 -1.100000e-01 -3.040072e-02
798 -2.072727e-01 -1.100000e-01 -1.415072e-02
799 -2.072727e-01 -1.100000e-01 -2.168404e-19
800 -2.072727e-01 -9.428571e-02 -4.665072e-02
801 -2.072727e-01 -7.857143e-02 -4.665072e-02
802 -2.072727e-01 -6.285714e-02 -4.665072e-02
803 -2.072727e-01 -4.714286e-02 -4.665072e-02
804 -2.072727e-01 -3.142857e-02 -4.665072e-02
805 -2.072727e-01 -1.571429e-02 -4.665072e-02
806 -2.072727e-01 1.387779e-17 -4.665072e-02
807 -2.072727e-01 1.571429e-02 -4.665072e-02
808 -2.072727e-01 3.142857e-02 -4.665072e-02
809 -2.072727e-01 4.714286e-02 -4.665072e-02
810 -2.072727e-01 6.285714e-02 -4.665072e-02
811 -2.072727e-01 7.857143e-02 -4.665072e-02
812 -2.072727e-01 9.428571e-02 -4.665072e-02
813 -2.072727e-01 1.100000e-01 -4.665072e-02
814 -2.072727e-01 1.100000e-01 -3.040072e-02
815 -2.072727e-01 1.100000e-01 -1.415072e-02
816 -2.072727e-01 1.100000e-01 -2.168404e-19
817 -1.919192e-01 -1.100000e-01 -4.665072e-02
818 -1.919192e-01 -1.100000e-01 -3.040072e-02
819 -1.919192e-01 -1.100000e-01 -1.415072e-02
820 -1.919192e-01 -1.100000e-01 -2.168404e-19
821 -1.919192e-01 -9.428571e-02 -4.665072e-02
822 -1.919192e-01 -7.857143e-02 -4.665072e-02
823 -1.919192e-01 -6.285714e-02 -4.665072e-02
824 -1.919192e-01 -4.714286e-02 -4.665072e-02
825 -1.919192e-01 -3.142857e-02 -4.665072e-02
826 -1.919192e-01 -1.571429e-02 -4.665072e-02
827 -1.919192e-01 1.387779e-17 -4.665072e-02
828 -1.919192e-01 1.571429e-02 -4.665072e-02
829 -1.919192e-01 3.142857e-02 -4.665072e-02
830 -1.919192e-01 4.714286e-02 -4.665072e-02
831 -1.919192e-01 6.285714e-02 -4.665072e-02
832 -1.919192e-01 7.857143e-02 -4.665072e-02
833 -1.919192e-01 9.428571e-02 -4.665072e-02
834 -1.919192e-01 1.100000e-01 -4.665072e-02
835 -1.919192e-01 1.100000e-01 -3.040072e-02
836 -1.919192e-01 1.100000e-01 -1.415072e-02
837 -1.919192e-01 1.100000e-01 -2.168404e-19
838 -1.765657e-01 -1.100000e-01 -4.665072e-02
839 -1.765657e-01 -1.100000e-01 -3.040072e-02
840 -1.765657e-01 -1.100000e-01 -1.415072e-02
841 -1.765657e-01 -1.100000e-01 -2.168404e-19
842 -1.765657e-01 -9.428571e-02 -4.665072e-02
843 -1.765657e-01 -7.857143e-02 -4.665072e-02
844 -1.765657e-01 -6.285714e-02 -4.665072e-02
845 -1.765657e-01 -4.714286e-02 -4.665072e-02
846 -1.765657e-01 -3.142857e-02 -4.665072e-02
847 -1.765657e-01 -1.571429e-02 -4.665072e-02
848 -1.765657e-01 1.387779e-17 -4.665072e-02
849 -1.765657e-01 1.571429e-02 -4.665072e-02
850 -1.765657e-01 3.142857e-02 -4.665072e-02
851 -1.765657e-01 4.714286e-02 -4.665072e-02
852 -1.765657e-01 6.285714e-02 -4.665072e-02
853 -1.765657e-01 7.857143e-02 -4.665072e-02
854 -1.765657e-01 9.428571e-02 -4.665072e-02
855 -1.765657e-01 1.100000e-01 -4.665072e-02
856 -1.765657e-01 1.100000e-01 -3.040072e-02
857 -1.765657e-01 1.100000e-01 -1.415072e-02
858 -1.765657e-01 1.100000e-01 -2.168404e-19
859 -1.612121e-01 -1.100000e-01 -4.665072e-02
860 -1.612121e-01 -1.100000e-01 -3.040072e-02
861 -1.612121e-01 -1.100000e-01 -1.415072e-02
862 -1.612121e-01 -1.100000e-01 -2.168404e-19
863 -1.612121e-01 -9.428571e-02 -4.665072e-02
864 -1.612121e-01 -7.857143e-02 -4.665072e-02
865 -1.612121e-01 -6.285714e-02 -4.665072e-02
866 -1.612121e-01 -4.714286e-02 -4.665072e-02
867 -1.612121e-01 -3.142857e-02 -4.665072e-02
868 -1.612121e-01 -1.571429e-02 -4.665072e-02
869 -1.612121e-01 1.387779e-17 -4.665072e-02
870 -1.612121e-01 1.571429e-02 -4.665072e-02
871 -1.612121e-01 3.142857e-02 -4.665072e-02
872 -1.612121e-01 4.714286e-02 -4.665072e-02
873 -1.612121e-01 6.285714e-02 -4.665072e-02
874 -1.612121e-01 7.857143e-02 -4.665072e-02
875 -1.612121e-01 9.428571e-02 -4.665072e-02
876 -1.612121e-01 1.100000e-01 -4.665072e-02
877 -1.612121e-01 1.100000e-01 -3.040072e-02
878 -1.612121e-01 1.100000e-01 -1.415072e-02
879 -1.612121e-01 1.100000e-01 -2.168404e-19
880 -1.458586e-01 -1.100000e-01 -4.665072e-02
881 -1.458586e-01 -1.100000e-01 -3.040072e-02
882 -1.458586e-01 -1.100000e-01 -1.415072e-02
883 -1.458586e-01 -1.100000e-01 -2.168404e-19
884 -1.458586e-01 -9.428571e-02 -4.665072e-02
885 -1.458586e-01 -7.857143e-02 -4.665072e-02
886 -1.458586e-01 -6.285714e-02 -4.665072e-02
887 -1.458586e-01 -4.714286e-02 -4.665072e-02
888 -1.458586e-01 -3.142857e-02 -4.665072e-02
889 -1.458586e-01 -1.571429e-02 -4.665072e-02
890 -1.458586e-01 1.387779e-17 -4.665072e-02
891 -1.458586e-01 1.571429e-02 -4.665072e-02
892 -1.458586e-01 3.142857e-02 -4.665072e-02
893 -1.458586e-01 4.714286e-02 -4.665072e-02
894 -1.458586e-01 6.285714e-02 -4.665072e-02
895 -1.458586e-01 7.857143e-02 -4.665072e-02
896 -1.458586e-01 9.428571e-02 -4.665072e-02
897 -1.458586e-01 1.100000e-01 -4.665072e-02
898 -1.458586e-01 1.100000e-01 -3.040072e-02
899 -1.458586e-01 1.100000e-01 -1.415072e-02
900 -1.458586e-01 1.100000e-01 -2.168404e-19
901 -1.305051e-01 -1.100000e-01 -4.665072e-02
902 -1.305051e-01 -1.100000e-01 -3.040072e-02
903 -1.305051e-01 -1.100000e-01 -1.415072e-02
904 -1.305051e-01 -1.100000e-01 -2.168404e-19
905 -1.305051e-01 -9.428571e-02 -4.665072e-02
906 -1.305051e-01 -7.857143e-02 -4.665072e-02
907 -1.305051e-01 -6.285714e-02 -4.665072e-02
908 -1.305051e-01 -4.714286e-02 -4.665072e-02
909 -1.305051e-01 -3.142857e-02 -4.665072e-02
910 -1.305051e-01 -1.571429e-02 -4.665072e-02
911 -1.305051e-01 1.387779e-17 -4.665072e-02
912 -1.305051e-01 1.571429e-02 -4.665072e-02
913 -1.305051e-01 3.142857e-02 -4.665072e-02
914 -1.305051e-01 4.714286e-02 -4.665072e-02
915 -1.305051e-01 6.285714e-02 -4.665072e-02
916 -1.305051e-01 7.857143e-02 -4.665072e-02
917 -1.305051e-01 9.428571e-02 -4.665072e-02
918 -1.305051e-01 1.100000e-01 -4.665072e-02
919 -1.305051e-01 1.100000e-01 -3.040072e-02
920 -1.305051e-01 1.100000e-01 -1.415072e-02
921 -1.305051e-01 1.100000e-01 -2.168404e-19
922 -1.151515e-01 -1.100000e-01 -4.665072e-02
923 -1.151515e-01 -1.100000e-01 -3.040072e-02
924 -1.151515e-01 -1.100000e-01 -1.415072e-02
925 -1.151515e-01 -1.100000e-01 -2.168404e-19
926 -1.151515e-01 -9.428571e-02 -4.665072e-02
927 -1.151515e-01 -7.857143e-02 -4.665072e-02
928 -1.151515e-01 -6.285714e-02 -4.665072e-02
929 -1.151515e-01 -4.714286e-02 -4.665072e-02
930 -1.151515e-01 -3.142857e-02 -4.665072e-02
931 -1.151515e-01 -1.571429e-02 -4.665072e-02
932 -1.151515e-01 1.387779e-17 -4.665072e-02
933 -1.151515e-01 1.571429e-02 -4.665072e-02
934 -1.151515e-01 3.142857e-02 -4.665072e-02
935 -1.151515e-01 4.714286e-02 -4.665072e-02
936 -1.151515e-01 6.285714e-02 -4.665072e-02
937 -1.151515e-01 7.857143e-02 -4.665072e-02
938 -1.151515e-01 9.428571e-02 -4.665072e-02
939 -1.151515e-01 1.100000e-01 -4.665072e-02
940 -1.151515e-01 1.100000e-01 -3.040072e-02
941 -1.151515e-01 1.100000e-01 -1.415072e-02
942 -1.151515e-01 1.100000e-01 -2.168404e-19
943 -9.979798e-02 -1.100000e-01 -4.665072e-02
944 -9.979798e-02 -1.100000e-01 -3.040072e-02
945 -9.979798e-02 -1.100000e-01 -1.415072e-02
946 -9.979798e-02 -1.100000e-01 -2.168404e-19
947 -9.979798e-02 -9.428571e-02 -4.665072e-02
948 -9.979798e-02 -7.857143e-02 -4.665072e-02
949 -9.979798e-02 -6.285714e-02 -4.665072e-02
950 -9.979798e-02 -4.714286e-02 -4.665072e-02
951 -9.979798e-02 -3.142857e-02 -4.665072e-02
952 -9.979798e-02 -1.571429e-02 -4.665072e-02
953 -9.979798e-02 1.387779e-17 -4.665072e-02
954 -9.979798e-02 1.571429e-02 -4.665072e-02
955 -9.979798e-02 3.142857e-02 -4.665072e-02
956 -9.979798e-02 4.714286e-02 -4.665072e-02
957 -9.979798e-02 6.285714e-02 -4.665072e-02
958 -9.979798e-02 7.857143e-02 -4.665072e-02
959 -9.979798e-02 9.428571e-02 -4.665072e-02
960 -9.979798e-02 1.100000e-01 -4.665072e-02
961 -9.979798e-02 1.100000e-01 -3.040072e-02
962 -9.979798e-02 1.100000e-01 -1.415072e-02
963 -9.979798e-02 1.100000e-01 -2.168404e-19
964 -8.444444e-02 -1.100000e-01 -4.665072e-02
965 -8.444444e-02 -1.100000e-01 -3.040072e-02
966 -8.444444e-02 -1.100000e-01 -1.415072e-02
967 -8.444444e-02 -1.100000e-01 -2.168404e-19
968 -8.444444e-02 -9.428571e-02 -4.665072e-02
969 -8.444444e-02 -7.857143e-02 -4.665072e-02
970 -8.444444e-02 -6.285714e-02 -4.665072e-02
971 -8.444444e-02 -4.714286e-02 -4.665072e-02
972 -8.444444e-02 -3.142857e-02 -4.665072e-02
973 -8.444444e-02 -1.571429e-02 -4.665072e-02
974 -8.444444e-02 1.387779e-17 -4.665072e-02
975 -8.444444e-02 1.571429e-02 -4.665072e-02
976 -8.444444e-02 3.142857e-02 -4.665072e-02
977 -8.444444e-02 4.714286e-02 -4.665072e-02
978 -8.444444e-02 6.285714e-02 -4.665072e-02
979 -8.444444e-02 7.857143e-02 -4.665072e-02
980 -8.444444e-02 9.428571e-02 -4.665072e-02
981 -8.444444e-02 1.100000e-01 -4.665072e-02
982 -8.444444e-02 1.100000e-01 -3.040072e-02
983 -8.444444e-02 1.100000e-01 -1.415072e-02
984 -8.444444e-02 1.100000e-01 -2.168404e-19
985 -6.909091e-02 -1.100000e-01 -4.665072e-02
986 -6.909091e-02 -1.100000e-01 -3.040072e-02
987 -6.909091e-02 -1.100000e-01 -1.415072e-02
988 -6.909091e-02 -1.100000e-01 -2.168404e-19
989 -6.909091e-02 -9.428571e-02 -4.665072e-02
990 -6.909091e-02 -7.857143e-02 -4.665072e-02
991 -6.909091e-02 -6.285714e-02 -4.665072e-02
992 -6.909091e-02 -4.714286e-02 -4.665072e-02
993 -6.909091e-02 -3.142857e-02 -4.665072e-02
994 -6.909091e-02 -1.571429e-02 -4.665072e-02
995 -6.909091e-02 1.387779e-17 -4.665072e-02
996 -6.909091e-02 1.571429e-02 -4.665072e-02
997 -6.909091e-02 3.142857e-02 -4.665072e-02
998 -6.909091e-02 4.714286e-02 -4.665072e-02
999 -6.909091e-02 6.285714e-02 -4.665072e-02
1000 -6.909091e-02 7.857143e-02 -4.665072e-02
1001 -6.909091e-02 9.428571e-02 -4.665072e-02
1002 -6.909091e-02 1.100000e-01 -4.665072e-02
1003 -6.909091e-02 1.100000e-01 -3.040072e-02
1004 -6.909091e-02 1.100000e-01 -1.415072e-02
1005 -6.909091e-02 1.100000e-01 -2.168404e-19
1006 -5.373737e-02 -1.100000e-01 -4.665072e-02
1007 -5.373737e-02 -1.100000e-01 -3.040072e-02
1008 -5.373737e-02 -1.100000e-01 -1.415072e-02
1009 -5.373737e-02 -1.100000e-01 -2.168404e-19
1010 -5.373737e-02 -9.428571e-02 -4.665072e-02
1011 -5.373737e-02 -7.857143e-02 -4.665072e-02
1012 -5.373737e-02 -6.285714e-02 -4.665072e-02
1013 -5.373737e-02 -4.714286e-02 -4.665072e-02
1014 -5.373737e-02 -3.142857e-02 -4.665072e-02
1015 -5.373737e-02 -1.571429e-02 -4.665072e-02
1016 -5.373737e-02 1.387779e-17 -4.665072e-02
1017 -5.373737e-02 1.571429e-02 -4.665072e-02
1018 -5.373737e-02 3.142857e-02 -4.665072e-02
1019 -5.373737e-02 4.714286e-02 -4.665072e-02
1020 -5.373737e-02 6.285714e-02 -4.665072e-02
1021 -5.373737e-02 7.857143e-02 -4.665072e-02
1022 -5.373737e-02 9.428571e-02 -4.665072e-02
1023 -5.373737e-02 1.100000e-01 -4.665072e-02
1024 -5.373737e-02 1.100000e-01 -3.040072e-02
1025 -5.373737e-02 1.100000e-01 -1.415072e-02
1026 -5.373737e-02 1.100000e-01 -2.168404e-19
1027 -3.838384e-02 -1.100000e-01 -4.665072e-02
1028 -3.838384e-02 -1.100000e-01 -3.040072e-02
1029 -3.838384e-02 -1.100000e-01 -1.415072e-02
1030 -3.838384e-02 -1.100000e-01 -2.168404e-19
1031 -3.838384e-02 -9.428571e-02 -4.665072e-02
1032 -3.838384e-02 -7.857143e-02 -4.665072e-02
1033 -3.838384e-02 -6.285714e-02 -4.665072e-02
1034 -3.838384e-02 -4.714286e-02 -4.665072e-02
1035 -3.838384e-02 -3.142857e-02 -4.665072e-02
1036 -3.838384e-02 -1.571429e-02 -4.665072e-02
1037 -3.838384e-02 1.387779e-17 -4.665072e-02
1038 -3.838384e-02 1.571429e-02 -4.665072e-02
1039 -3.838384e-02 3.142857e-02 -4.665072e-02
1040 -3.838384e-02 4.714286e-02 -4.665072e-02
1041 -3.838384e-02 6.285714e-02 -4.665072e-02
1042 -3.838384e-02 7.857143e-02 -4.665072e-02
1043 -3.838384e-02 9.428571e-02 -4.665072e-02
1044 -3.838384e-02 1.100000e-01 -4.665072e-02
1045 -3.838384e-02 1.100000e-01 -3.040072e-02
1046 -3.838384e-02 1.100000e-01 -1.415072e-02
1047 -3.838384e-02 1.100000e-01 -2.168404e-19
1048 -2.303030e-02 -1.100000e-01 -4.665072e-02
1049 -2.303030e-02 -1.100000e-01 -3.040072e-02
1050 -2.303030e-02 -1.100000e-01 -1.415072e-02
1051 -2.303030e-02 -1.100000e-01 -2.168404e-19
1052 -2.303030e-02 -9.428571e-02 -4.665072e-02
1053 -2.303030e-02 -7.857143e-02 -4.665072e-02
1054 -2.303030e-02 -6.285714e-02 -4.665072e-02
1055 -2.303030e-02 -4.714286e-02 -4.665072e-02
1056 -2.303030e-02 -3.142857e-02 -4.665072e-02
1057 -2.303030e-02 -1.571429e-02 -4.665072e-02
1058 -2.303030e-02 1.387779e-17 -4.665072e-02
1059 -2.303030e-02 1.571429e-02 -4.665072e-02
1060 -2.303030e-02 3.142857e-02 -4.665072e-02
1061 -2.303030e-02 4.714286e-02 -4.665072e-02
1062 -2.303030e-02 6.285714e-02 -4.665072e-02
1063 -2.303030e-02 7.857143e-02 -4.665072e-02
1064 -2.303030e-02 9.428571e-02 -4.665072e-02
1065 -2.303030e-02 1.100000e-01 -4.665072e-02
1066 -2.303030e-02 1.100000e-01 -3.040072e-02
1067 -2.303030e-02 1.100000e-01 -1.415072e-02
1068 -2.303030e-02 1.100000e-01 -2.168404e-19
1069 -7.676768e-03 -1.100000e-01 -4.665072e-02
1070 -7.676768e-03 -1.100000e-01 -3.040072e-02
1071 -7.676768e-03 -1.100000e-01 -1.415072e-02
1072 -7.676768e-03 -1.100000e-01 -2.168404e-19
1073 -7.676768e-03 -9.428571e-02 -4.665072e-02
1074 -7.676768e-03 -7.857143e-02 -4.665072e-02
1075 -7.676768e-03 -6.285714e-02 -4.665072e-02
1076 -7.676768e-03 -4.714286e-02 -4.665072e-02
1077 -7.676768e-03 -3.142857e-02 -4.665072e-02
1078 -7.676768e-03 -1.571429e-02 -4.665072e-02
1079 -7.676768e-03 1.387779e-17 -4.665072e-02
1080 -7.676768e-03 1.571429e-02 -4.665072e-02
1081 -7.676768e-03 3.142857e-02 -4.665072e-02
1082 -7.676768e-03 4.714286e-02 -4.665072e-02
1083 -7.676768e-03 6.285714e-02 -4.665072e-02
1084 -7.676768e-03 7.857143e-02 -4.665072e-02
1085 -7.676768e-03 9.428571e-02 -4.665072e-02
1086 -7.676768e-03 1.100000e-01 -4.665072e-02
1087 -7.676768e-03 1.100000e-01 -3.040072e-02
1088 -7.676768e-03 1.100000e-01 -1.415072e-02
1089 -7.676768e-03 1.100000e-01 -2.168404e-19
1090 7.676768e-03 -1.100000e-01 -4.665072e-02
1091 7.676768e-03 -1.100000e-01 -3.040072e-02
1092 7.676768e-03 -1.100000e-01 -1.415072e-02
1093 7.676768e-03 -1.100000e-01 -2.168404e-19
1094 7.676768e-03 -9.428571e-02 -4.665072e-02
1095 7.676768e-03 -7.857143e-02 -4.665072e-02
1096 7.676768e-03 -6.285714e-02 -4.665072e-02
1097 7.676768e-03 -4.714286e-02 -4.665072e-02
1098 7.676768e-03 -3.142857e-02 -4.665072e-02
1099 7.676768e-03 -1.571429e-02 -4.665072e-02
1100 7.676768e-03 1.387779e-17 -4.665072e-02
1101 7.676768e-03 1.571429e-02 -4.665072e-02
1102 7.676768e-03 3.142857e-02 -4.665072e-02
1103 7.676768e-03 4.714286e-02 -4.665072e-02
1104 7.676768e-03 6.285714e-02 -4.665072e-02
1105 7.676768e-03 7.857143e-02 -4.665072e-02
1106 7.676768e-03 9.428571e-02 -4.665072e-02
1107 7.676768e-03 1.100000e-01 -4.665072e-02
1108 7.676768e-03 1.100000e-01 -3.040072e-02
1109 7.676768e-03 1.100000e-01 -1.415072e-02
1110 7.676768e-03 1.100000e-01 -2.168404e-19
1111 2.303030e-02 -1.100000e-01 -4.665072e-02
1112 2.303030e-02 -1.100000e-01 -3.040072e-02
1113 2.303030e-02 -1.100000e-01 -1.415072e-02
1114 2.303030e-02 -1.100000e-01 -2.168404e-19
1115 2.303030e-02 -9.428571e-02 -4.665072e-02
1116 2.303030e-02 -7.857143e-02 -4.665072e-02
1117 2.303030e-02 -6.285714e-02 -4.665072e-02
1118 2.303030e-02 -4.714286e-02 -4.665072e-02
1119 2.303030e-02 -3.142857e-02 -4.665072e-02
1120 2.303030e-02 -1.571429e-02 -4.665072e-02
1121 2.303030e-02 1.387779e-17 -4.665072e-02
1122 2.303030e-02 1.571429e-02 -4.665072e-02
1123 2.303030e-02 3.142857e-02 -4.665072e-02
1124 2.303030e-02 4.714286e-02 -4.665072e-02
1125 2.303030e-02 6.285714e-02 -4.665072e-02
1126 2.303030e-02 7.857143e-02 -4.665072e-02
1127 2.303030e-02 9.428571e-02 -4.665072e-02
1128 2.303030e-02 1.100000e-01 -4.665072e-02
1129 2.303030e-02 1.100000e-01 -3.040072e-02
1130 2.303030e-02 1.100000e-01 -1.415072e-02
1131 2.303030e-02 1.100000e-01 -2.168404e-19
1132 3.838384e-02 -1.100000e-01 -4.665072e-02
1133 3.838384e-02 -1.100000e-01 -3.040072e-02
1134 3.838384e-02 -1.100000e-01 -1.415072e-02
1135 3.838384e-02 -1.100000e-01 -2.168404e-19
1136 3.838384e-02 -9.428571e-02 -4.665072e-02
1137 3.838384e-02 -7.857143e-02 -4.665072e-02
1138 3.838384e-02 -6.285714e-02 -4.665072e-02
1139 3.838384e-02 -4.714286e-02 -4.665072e-02
1140 3.838384e-02 -3.142857e-02 -4.665072e-02
1141 3.838384e-02 -1.571429e-02 -4.665072e-02
1142 3.838384e-02 1.387779e-17 -4.665072e-02
1143 3.838384e-02 1.571429e-02 -4.665072e-02
1144 3.838384e-02 3.142857e-02 -4.665072e-02
1145 3.838384e-02 4.714286e-02 -4.665072e-02
1146 3.838384e-02 6.285714e-02 -4.665072e-02
1147 3.838384e-02 7.857143e-02 -4.665072e-02
1148 3.838384e-02 9.428571e-02 -4.665072e-02
1149 3.838384e-02 1.100000e-01 -4.665072e-02
1150 3.838384e-02 1.100000e-01 -3.040072e-02
1151 3.838384e-02 1.100000e-01 -1.415072e-02
1152 3.838384e-02 1.100000e-01 -2.168404e-19
1153 5.373737e-02 -1.100000e-01 -4.665072e-02
1154 5.373737e-02 -1.100000e-01 -3.040072e-02
1155 5.373737e-02 -1.100000e-01 -1.415072e-02
1156 5.373737e-02 -1.100000e-01 -2.168404e-19
1157 5.373737e-02 -9.428571e-02 -4.665072e-02
1158 5.373737e-02 -7.857143e-02 -4.665072e-02
1159 5.373737e-02 -6.285714e-02 -4.665072e-02
1160 5.373737e-02 -4.714286e-02 -4.665072e-02
1161 5.373737e-02 -3.142857e-02 -4.665072e-02
1162 5.373737e-02 -1.571429e-02 -4.665072e-02
1163 5.373737e-02 1.387779e-17 -4.665072e-02
1164 5.373737e-02 1.571429e-02 -4.665072e-02
1165 5.373737e-02 3.142857e-02 -4.665072e-02
1166 5.373737e-02 4.714286e-02 -4.665072e-02
1167 5.373737e-02 6.285714e-02 -4.665072e-02
1168 5.373737e-02 7.857143e-02 -4.665072e-02
1169 5.373737e-02 9.428571e-02 -4.665072e-02
1170 5.373737e-02 1.100000e-01 -4.665072e-02
1171 5.373737e-02 1.100000e-01 -3.040072e-02
1172 5.373737e-02 1.100000e-01 -1.415072e-02
1173 5.373737e-02 1.100000e-01 -2.168404e-19
1174 6.909091e-02 -1.100000e-01 -4.665072e-02
1175 6.909091e-02 -1.100000e-01 -3.040072e-02
1176 6.909091e-02 -1.100000e-01 -1.415072e-02
1177 6.909091e-02 -1.100000e-01 -2.168404e-19
1178 6.909091e-02 -9.428571e-02 -4.665072e-02
1179 6.909091e-02 -7.857143e-02 -4.665072e-02
1180 6.909091e-02 -6.285714e-02 -4.665072e-02
1181 6.909091e-02 -4.714286e-02 -4.665072e-02
1182 6.909091e-02 -3.142857e-02 -4.665072e-02
1183 6.909091e-02 -1.571429e-02 -4.665072e-02
1184 6.909091e-02 1.387779e-17 -4.665072e-02
1185 6.909091e-02 1.571429e-02 -4.665072e-02
1186 6.909091e-02 3.142857e-02 -4.665072e-02
1187 6.909091e-02 4.714286e-02 -4.665072e-02
1188 6.909091e-02 6.285714e-02 -4.665072e-02
1189 6.909091e-02 7.857143e-02 -4.665072e-02
1190 6.909091e-02 9.428571e-02 -4.665072e-02
1191 6.909091e-02 1.100000e-01 -4.665072e-02
1192 6.909091e-02 1.100000e-01 -3.040072e-02
1193 6.909091e-02 1.100000e-01 -1.415072e-02
1194 6.909091e-02 1.100000e-01 -2.168404e-19
1195 8.444444e-02 -1.100000e-01 -4.665072e-02
1196 8.444444e-02 -1.100000e-01 -3.040072e-02
1197 8.444444e-02 -1.100000e-01 -1.415072e-02
1198 8.444444e-02 -1.100000e-01 -2.168404e-19
1199 8.444444e-02 -9.428571e-02 -4.665072e-02
1200 8.444444e-02 -7.857143e-02 -4.665072e-02
1201 8.444444e-02 -6.285714e-02 -4.665072e-02
1202 8.444444e-02 -4.714286e-02 -4.665072e-02
1203 8.444444e-02 -3.142857e-02 -4.665072e-02
1204 8.444444e-02 -1.571429e-02 -4.665072e-02
1205 8.444444e-02 1.387779e-17 -4.665072e-02
1206 8.444444e-02 1.571429e-02 -4.665072e-02
1207 8.444444e-02 3.142857e-02 -4.665072e-02
1208 8.444444e-02 4.714286e-02 -4.665072e-02
1209 8.444444e-02 6.285714e-02 -4.665072e-02
1210 8.444444e-02 7.857143e-02 -4.665072e-02
1211 8.444444e-02 9.428571e-02 -4.665072e-02
1212 8.444444e-02 1.100000e-01 -4.665072e-02
1213 8.444444e-02 1.100000e-01 -3.040072e-02
1214 8.444444e-02 1.100000e-01 -1.415072e-02
1215 8.444444e-02 1.100000e-01 -2.168404e-19
1216 9.979798e-02 -1.100000e-01 -4.665072e-02
1217 9.979798e-02 -1.100000e-01 -3.040072e-02
1218 9.979798e-02 -1.100000e-01 -1.415072e-02
1219 9.979798e-02 -1.100000e-01 -2.168404e-19
1220 9.979798e-02 -9.428571e-02 -4.665072e-02
1221 9.979798e-02 -7.857143e-02 -4.665072e-02
1222 9.979798e-02 -6.285714e-02 -4.665072e-02
1223 9.979798e-02 -4.714286e-02 -4.665072e-02
1224 9.979798e-02 -3.142857e-02 -4.665072e-02
1225 9.979798e-02 -1.571429e-02 -4.665072e-02
1226 9.979798e-02 1.387779e-17 -4.665072e-02
1227 9.979798e-02 1.571429e-02 -4.665072e-02
1228 9.979798e-02 3.142857e-02 -4.665072e-02
1229 9.979798e-02 4.714286e-02 -4.665072e-02
1230 9.979798e-02 6.285714e-02 -4.665072e-02
1231 9.979798e-02 7.857143e-02 -4.665072e-02
1232 9.979798e-02 9.428571e-02 -4.665072e-02
1233 9.979798e-02 1.100000e-01 -4.665072e-02
1234 9.979798e-02 1.100000e-01 -3.040072e-02
1235 9.979798e-02 1.100000e-01 -1.415072e-02
1236 9.979798e-02 1.100000e-01 -2.168404e-19
1237 1.151515e-01 -1.100000e-01 -4.665072e-02
1238 1.151515e-01 -1.100000e-01 -3.040072e-02
1239 1.151515e-01 -1.100000e-01 -1.415072e-02
1240 1.151515e-01 -1.100000e-01 -2.168404e-19
1241 1.151515e-01 -9.428571e-02 -4.665072e-02
1242 1.151515e-01 -7.857143e-02 -4.665072e-02
1243 1.151515e-01 -6.285714e-02 -4.665072e-02
1244 1.151515e-01 -4.714286e-02 -4.665072e-02
1245 1.151515e-01 -3.142857e-02 -4.665072e-02
1246 1.151515e-01 -1.571429e-02 -4.665072e-02
1247 1.151515e-01 1.387779e-17 -4.665072e-02
1248 1.151515e-01 1.571429e-02 -4.665072e-02
1249 1.151515e-01 3.142857e-02 -4.665072e-02
1250 1.151515e-01 4.714286e-02 -4.665072e-02
1251 1.151515e-01 6.285714e-02 -4.665072e-02
1252 1.151515e-01 7.857143e-02 -4.665072e-02
1253 1.151515e-01 9.428571e-02 -4.665072e-02
1254 1.151515e-01 1.100000e-01 -4.665072e-02
1255 1.151515e-01 1.100000e-01 -3.040072e-02
1256 1.151515e-01 1.100000e-01 -1.415072e-02
1257 1.151515e-01 1.100000e-01 -2.168404e-19
1258 1.305051e-01 -1.100000e-01 -4.665072e-02
1259 1.305051e-01 -1.100000e-01 -3.040072e-02
1260 1.305051e-01 -1.100000e-01 -1.415072e-02
1261 1.305051e-01 -1.100000e-01 -2.168404e-19
1262 1.305051e-01 -9.428571e-02 -4.665072e-02
1263 1.305051e-01 -7.857143e-02 -4.665072e-02
1264 1.305051e-01 -6.285714e-02 -4.665072e-02
1265 1.305051e-01 -4.714286e-02 -4.665072e-02
1266 1.305051e-01 -3.142857e-02 -4.665072e-02
1267 1.305051e-01 -1.571429e-02 -4.665072e-02
1268 1.305051e-01 1.387779e-17 -4.665072e-02
1269 1.305051e-01 1.571429e-02 -4.665072e-02
1270 1.305051e-01 3.142857e-02 -4.665072e-02
1271 1.305051e-01 4.714286e-02 -4.665072e-02
1272 1.305051e-01 6.285714e-02 -4.665072e-02
1273 1.305051e-01 7.857143e-02 -4.665072e-02
1274 1.305051e-01 9.428571e-02 -4.665072e-02
1275 1.305051e-01 1.100000e-01 -4.665072e-02
1276 1.305051e-01 1.100000e-01 -3.040072e-02
1277 1.305051e-01 1.100000e-01 -1.415072e-02
1278 1.305051e-01 1.100000e-01 -2.168404e-19
1279 1.458586e-01 -1.100000e-01 -4.665072e-02
1280 1.458586e-01 -1.100000e-01 -3.040072e-02
1281 1.458586e-01 -1.100000e-01 -1.415072e-02
1282 1.458586e-01 -1.100000e-01 -2.168404e-19
1283 1.458586e-01 -9.428571e-02 -4.665072e-02
1284 1.458586e-01 -7.857143e-02 -4.665072e-02
1285 1.458586e-01 -6.285714e-02 -4.665072e-02
1286 1.458586e-01 -4.714286e-02 -4.665072e-02
1287 1.458586e-01 -3.142857e-02 -4.665072e-02
1288 1.458586e-01 -1.571429e-02 -4.665072e-02
1289 1.458586e-01 1.387779e-17 -4.665072e-02
1290 1.458586e-01 1.571429e-02 -4.665072e-02
1291 1.458586e-01 3.142857e-02 -4.665072e-02
1292 1.458586e-01 4.714286e-02 -4.665072e-02
1293 1.458586e-01 6.285714e-02 -4.665072e-02
1294 1.458586e-01 7.857143e-02 -4.665072e-02
1295 1.458586e-01 9.428571e-02 -4.665072e-02
1296 1.458586e-01 1.100000e-01 -4.665072e-02
1297 1.458586e-01 1.100000e-01 -3.040072e-02
1298 1.458586e-01 1.100000e-01 -1.415072e-02
1299 1.458586e-01 1.100000e-01 -2.168404e-19
1300 1.612121e-01 -1.100000e-01 -4.665072e-02
1301 1.612121e-01 -1.100000e-01 -3.040072e-02
1302 1.612121e-01 -1.100000e-01 -1.415072e-02
1303 1.612121e-01 -1.100000e-01 -2.168404e-19
1304 1.612121e-01 -9.428571e-02 -4.665072e-02
1305 1.612121e-01 -7.857143e-02 -4.665072e-02
1306 1.612121e-01 -6.285714e-02 -4.665072e-02
1307 1.612121e-01 -4.714286e-02 -4.665072e-02
1308 1.612121e-01 -3.142857e-02 -4.665072e-02
1309 1.612121e-01 -1.571429e-02 -4.665072e-02
1310 1.612121e-01 1.387779e-17 -4.665072e-02
1311 1.612121e-01 1.571429e-02 -4.665072e-02
1312 1.612121e-01 3.142857e-02 -4.665072e-02
1313 1.612121e-01 4.714286e-02 -4.665072e-02
1314 1.612121e-01 6.285714e-02 -4.665072e-02
1315 1.612121e-01 7.857143e-02 -4.665072e-02
1316 1.612121e-01 9.428571e-02 -4.665072e-02
1317 1.612121e-01 1.100000e-01 -4.665072e-02
1318 1.612121e-01 1.100000e-01 -3.040072e-02
1319 1.612121e-01 1.100000e-01 -1.415072e-02
1320 1.612121e-01 1.100000e-01 -2.168404e-19
1321 1.765657e-01 -1.100000e-01 -4.665072e-02
1322 1.765657e-01 -1.100000e-01 -3.040072e-02
1323 1.765657e-01 -1.100000e-01 -1.415072e-02
1324 1.765657e-01 -1.100000e-01 -2.168404e-19
1325 1.765657e-01 -9.428571e-02 -4.665072e-02
1326 1.765657e-01 -7.857143e-02 -4.665072e-02
1327 1.765657e-01 -6.285714e-02 -4.665072e-02
1328 1.765657e-01 -4.714286e-02 -4.665072e-02
1329 1.765657e-01 -3.142857e-02 -4.665072e-02
1330 1.765657e-01 -1.571429e-02 -4.665072e-02
1331 1.765657e-01 1.387779e-17 -4.665072e-02
1332 1.765657e-01 1.571429e-02 -4.665072e-02
1333 1.765657e-01 3.142857e-02 -4.665072e-02
1334 1.765657e-01 4.714286e-02 -4.665072e-02
1335 1.765657e-01 6.285714e-02 -4.665072e-02
1336 1.765657e-01 7.857143e-02 -4.665072e-02
1337 1.765657e-01 9.428571e-02 -4.665072e-02
1338 1.765657e-01 1.100000e-01 -4.665072e-02
1339 1.765657e-01 1.100000e-01 -3.040072e-02
1340 1.765657e-01 1.100000e-01 -1.415072e-02
1341 1.765657e-01 1.100000e-01 -2.168404e-19
1342 1.919192e-01 -1.100000e-01 -4.665072e-02
1343 1.919192e-01 -1.100000e-01 -3.040072e-02
1344 1.919192e-01 -1.100000e-01 -1.415072e-02
1345 1.919192e-01 -1.100000e-01 -2.168404e-19
1346 1.919192e-01 -9.428571e-02 -4.665072e-02
1347 1.919192e-01 -7.857143e-02 -4.665072e-02
1348 1.919192e-01 -6.285714e-02 -4.665072e-02
1349 1.919192e-01 -4.714286e-02 -4.665072e-02
1350 1.919192e-01 -3.142857e-02 -4.665072e-02
1351 1.919192e-01 -1.571429e-02 -4.665072e-02
1352 1.919192e-01 1.387779e-17 -4.665072e-02
1353 1.919192e-01 1.571429e-02 -4.665072e-02
1354 1.919192e-01 3.142857e-02 -4.665072e-02
1355 1.919192e-01 4.714286e-02 -4.665072e-02
1356 1.919192e-01 6.285714e-02 -4.665072e-02
1357 1.919192e-01 7.857143e-02 -4.665072e-02
1358 1.919192e-01 9.428571e-02 -4.665072e-02
1359 1.919192e-01 1.100000e-01 -4.665072e-02
1360 1.919192e-01 1.100000e-01 -3.040072e-02
1361 1.919192e-01 1.100000e-01 -1.415072e-02
1362 1.919192e-01 1.100000e-01 -2.168404e-19
1363 2.072727e-01 -1.100000e-01 -4.665072e-02
1364 2.072727e-01 -1.100000e-01 -3.040072e-02
1365 2.072727e-01 -1.100000e-01 -1.415072e-02
1366 2.072727e-01 -1.100000e-01 -2.168404e-19
1367 2.072727e-01 -9.428571e-02 -4.665072e-02
1368 2.072727e-01 -7.857143e-02 -4.665072e-02
1369 2.072727e-01 -6.285714e-02 -4.665072e-02
1370 2.072727e-01 -4.714286e-02 -4.665072e-02
1371 2.072727e-01 -3.142857e-02 -4.665072e-02
1372 2.072727e-01 -1.571429e-02 -4.665072e-02
1373 2.072727e-01 1.387779e-17 -4.665072e-02
1374 2.072727e-01 1.571429e-02 -4.665072e-02
1375 2.072727e-01 3.142857e-02 -4.665072e-02
1376 2.072727e-01 4.714286e-02 -4.665072e-02
1377 2.072727e-01 6.285714e-02 -4.665072e-02
1378 2.072727e-01 7.857143e-02 -4.665072e-02
1379 2.072727e-01 9.428571e-02 -4.665072e-02
1380 2.072727e-01 1.100000e-01 -4.665072e-02
1381 2.072727e-01 1.100000e-01 -3.040072e-02
1382 2.072727e-01 1.100000e-01 -1.415072e-02
1383 2.072727e-01 1.100000e-01 -2.168404e-19
1384 2.226263e-01 -1.100000e-01 -4.665072e-02
1385 2.226263e-01 -1.100000e-01 -3.040072e-02
1386 2.226263e-01 -1.100000e-01 -1.415072e-02
1387 2.226263e-01 -1.100000e-01 -2.168404e-19
1388 2.226263e-01 -9.428571e-02 -4.665072e-02
1389 2.226263e-01 -7.857143e-02 -4.665072e-02
1390 2.226263e-01 -6.285714e-02 -4.665072e-02
1391 2.226263e-01 -4.714286e-02 -4.665072e-02
1392 2.226263e-01 -3.142857e-02 -4.665072e-02
1393 2.226263e-01 -1.571429e-02 -4.665072e-02
1394 2.226263e-01 1.387779e-17 -4.665072e-02
1395 2.226263e-01 1.571429e-02 -4.665072e-02
1396 2.226263e-01 3.142857e-02 -4.665072e-02
1397 2.226263e-01 4.714286e-02 -4.665072e-02
1398 2.226263e-01 6.285714e-02 -4.665072e-02
1399 2.226263e-01 7.857143e-02 -4.665072e-02
1400 2.226263e-01 9.428571e-02 -4.665072e-02
1401 2.226263e-01 1.100000e-01 -4.665072e-02
1402 2.226263e-01 1.100000e-01 -3.040072e-02
1403 2.226263e-01 1.100000e-01 -1.415072e-02
1404 2.226263e-01 1.100000e-01 -2.168404e-19
1405 2.379798e-01 -1.100000e-01 -4.665072e-02
1406 2.379798e-01 -1.100000e-01 -3.040072e-02
1407 2.379798e-01 -1.100000e-01 -1.415072e-02
1408 2.379798e-01 -1.100000e-01 -2.168404e-19
1409 2.379798e-01 -9.428571e-02 -4.665072e-02
1410 2.379798e-01 -7.857143e-02 -4.665072e-02
1411 2.379798e-01 -6.285714e-02 -4.665072e-02
1412 2.379798e-01 -4.714286e-02 -4.665072e-02
1413 2.379798e-01 -3.142857e-02 -4.665072e-02
1414 2.379798e-01 -1.571429e-02 -4.665072e-02
1415 2.379798e-01 1.387779e-17 -4.665072e-02
1416 2.379798e-01 1.571429e-02 -4.665072e-02
1417 2.379798e-01 3.142857e-02 -4.665072e-02
1418 2.379798e-01 4.714286e-02 -4.665072e-02
1419 2.379798e-01 6.285714e-02 -4.665072e-02
1420 2.379798e-01 7.857143e-02 -4.665072e-02
1421 2.379798e-01 9.428571e-02 -4.665072e-02
1422 2.379798e-01 1.100000e-01 -4.665072e-02
1423 2.379798e-01 1.100000e-01 -3.040072e-02
1424 2.379798e-01 1.100000e-01 -1.415072e-02
1425 2.379798e-01 1.100000e-01 -2.168404e-19
1426 2.533333e-01 -1.100000e-01 -4.665072e-02
1427 2.533333e-01 -1.100000e-01 -3.040072e-02
1428 2.533333e-01 -1.100000e-01 -1.415072e-02
1429 2.533333e-01 -1.100000e-01 -2.168404e-19
1430 2.533333e-01 -9.428571e-02 -4.665072e-02
1431 2.533333e-01 -7.857143e-02 -4.665072e-02
1432 2.533333e-01 -6.285714e-02 -4.665072e-02
1433 2.533333e-01 -4.714286e-02 -4.665072e-02
1434 2.533333e-01 -3.142857e-02 -4.665072e-02
1435 2.533333e-01 -1.571429e-02 -4.665072e-02
1436 2.533333e-01 1.387779e-17 -4.665072e-02
1437 2.533333e-01 1.571429e-02 -4.665072e-02
1438 2.533333e-01 3.142857e-02 -4.665072e-02
1439 2.533333e-01 4.714286e-02 -4.665072e-02
1440 2.533333e-01 6.285714e-02 -4.665072e-02
1441 2.533333e-01 7.857143e-02 -4.665072e-02
1442 2.533333e-01 9.428571e-02 -4.665072e-02
1443 2.533333e-01 1.100000e-01 -4.665072e-02
1444 2.533333e-01 1.100000e-01 -3.040072e-02
1445 2.533333e-01 1.100000e-01 -1.415072e-02
1446 2.533333e-01 1.100000e-01 -2.168404e-19
1447 2.686869e-01 -1.100000e-01 -4.665072e-02
1448 2.686869e-01 -1.100000e-01 -3.040072e-02
1449 2.686869e-01 -1.100000e-01 -1.415072e-02
1450 2.686869e-01 -1.100000e-01 -2.168404e-19
1451 2.686869e-01 -9.428571e-02 -4.665072e-02
1452 2.686869e-01 -7.857143e-02 -4.665072e-02
1453 2.686869e-01 -6.285714e-02 -4.665072e-02
1454 2.686869e-01 -4.714286e-02 -4.665072e-02
1455 2.686869e-01 -3.142857e-02 -4.665072e-02
1456 2.686869e-01 -1.571429e-02 -4.665072e-02
1457 2.686869e-01 1.387779e-17 -4.665072e-02
1458 2.686869e-01 1.571429e-02 -4.665072e-02
1459 2.686869e-01 3.142857e-02 -4.665072e-02
1460 2.686869e-01 4.714286e-02 -4.665072e-02
1461 2.686869e-01 6.285714e-02 -4.665072e-02
1462 2.686869e-01 7.857143e-02 -4.665072e-02
1463 2.686869e-01 9.428571e-02 -4.665072e-02
1464 2.686869e-01 1.100000e-01 -4.665072e-02
1465 2.686869e-01 1.100000e-01 -3.040072e-02
1466 2.686869e-01 1.100000e-01 -1.415072e-02
1467 2.686869e-01 1.100000e-01 -2.168404e-19
1468 2.840404e-01 -1.100000e-01 -4.665072e-02
1469 2.840404e-01 -1.100000e-01 -3.040072e-02
1470 2.840404e-01 -1.100000e-01 -1.415072e-02
1471 2.840404e-01 -1.100000e-01 -2.168404e-19
1472 2.840404e-01 -9.428571e-02 -4.665072e-02
1473 2.840404e-01 -7.857143e-02 -4.665072e-02
1474 2.840404e-01 -6.285714e-02 -4.665072e-02
1475 2.840404e-01 -4.714286e-02 -4.665072e-02
1476 2.840404e-01 -3.142857e-02 -4.665072e-02
1477 2.840404e-01 -1.571429e-02 -4.665072e-02
1478 2.840404e-01 1.387779e-17 -4.665072e-02
1479 2.840404e-01 1.571429e-02 -4.665072e-02
1480 2.840404e-01 3.142857e-02 -4.665072e-02
1481 2.840404e-01 4.714286e-02 -4.665072e-02
1482 2.840404e-01 6.285714e-02 -4.665072e-02
1483 2.840404e-01 7.857143e-02 -4.665072e-02
1484 2.840404e-01 9.428571e-02 -4.665072e-02
1485 2.840404e-01 1.100000e-01 -4.665072e-02
1486 2.840404e-01 1.100000e-01 -3.040072e-02
1487 2.840404e-01 1.100000e-01 -1.415072e-02
1488 2.840404e-01 1.100000e-01 -2.168404e-19
1489 2.993939e-01 -1.100000e-01 -4.665072e-02
1490 2.993939e-01 -1.100000e-01 -3.040072e-02
1491 2.993939e-01 -1.100000e-01 -1.415072e-02
1492 2.993939e-01 -1.100000e-01 -2.168404e-19
1493 2.993939e-01 -9.428571e-02 -4.665072e-02
1494 2.993939e-01 -7.857143e-02 -4.665072e-02
1495 2.993939e-01 -6.285714e-02 -4.665072e-02
1496 2.993939e-01 -4.714286e-02 -4.665072e-02
1497 2.993939e-01 -3.142857e-02 -4.665072e-02
1498 2.993939e-01 -1.571429e-02 -4.665072e-02
1499 2.993939e-01 1.387779e-17 -4.665072e-02
1500 2.993939e-01 1.571429e-02 -4.665072e-02
1501 2.993939e-01 3.142857e-02 -4.665072e-02
1502 2.993939e-01 4.714286e-02 -4.665072e-02
1503 2.993939e-01 6.285714e-02 -4.665072e-02
1504 2.993939e-01 7.857143e-02 -4.665072e-02
1505 2.993939e-01 9.428571e-02 -4.665072e-02
1506 2.993939e-01 1.100000e-01 -4.665072e-02
1507 2.993939e-01 1.100000e-01 -3.040072e-02
1508 2.993939e-01 1.100000e-01 -1.415072e-02
1509 2.993939e-01 1.100000e-01 -2.168404e-19
1510 3.147475e-01 -1.100000e-01 -4.665072e-02
1511 3.147475e-01 -1.100000e-01 -3.040072e-02
1512 3.147475e-01 -1.100000e-01 -1.415072e-02
1513 3.147475e-01 -1.100000e-01 -2.168404e-19
1514 3.147475e-01 -9.428571e-02 -4.665072e-02
1515 3.147475e-01 -7.857143e-02 -4.665072e-02
1516 3.147475e-01 -6.285714e-02 -4.665072e-02
1517 3.147475e-01 -4.714286e-02 -4.665072e-02
1518 3.147475e-01 -3.142857e-02 -4.665072e-02
1519 3.147475e-01 -1.571429e-02 -4.665072e-02
1520 3.147475e-01 1.387779e-17 -4.665072e-02
1521 3.147475e-01 1.571429e-02 -4.665072e-02
1522 3.147475e-01 3.142857e-02 -4.665072e-02
1523 3.147475e-01 4.714286e-02 -4.665072e-02
1524 3.147475e-01 6.285714e-02 -4.665072e-02
1525 3.147475e-01 7.857143e-02 -4.665072e-02
1526 3.147475e-01 9.428571e-02 -4.665072e-02
1527 3.147475e-01 1.100000e-01 -4.665072e-02
1528 3.147475e-01 1.100000e-01 -3.040072e-02
1529 3.147475e-01 1.100000e-01 -1.415072e-02
1530 3.147475e-01 1.100000e-01 -2.168404e-19
1531 3.301010e-01 -1.100000e-01 -4.665072e-02
1532 3.301010e-01 -1.100000e-01 -3.040072e-02
1533 3.301010e-01 -1.100000e-01 -1.415072e-02
1534 3.301010e-01 -1.100000e-01 -2.168404e-19
1535 3.301010e-01 -9.428571e-02 -4.665072e-02
1536 3.301010e-01 -7.857143e-02 -4.665072e-02
1537 3.301010e-01 -6.285714e-02 -4.665072e-02
1538 3.301010e-01 -4.714286e-02 -4.665072e-02
1539 3.301010e-01 -3.142857e-02 -4.665072e-02
1540 3.301010e-01 -1.571429e-02 -4.665072e-02
1541 3.301010e-01 1.387779e-17 -4.665072e-02
1542 3.301010e-01 1.571429e-02 -4.665072e-02
1543 3.301010e-01 3.142857e-02 -4.665072e-02
1544 3.301010e-01 4.714286e-02 -4.665072e-02
1545 3.301010e-01 6.285714e-02 -4.665072e-02
1546 3.301010e-01 7.857143e-02 -4.665072e-02
1547 3.301010e-01 9.428571e-02 -4.665072e-02
1548 3.301010e-01 1.100000e-01 -4.665072e-02
1549 3.301010e-01 1.100000e-01 -3.040072e-02
1550 3.301010e-01 1.100000e-01 -1.415072e-02
1551 3.301010e-01 1.100000e-01 -2.168404e-19
1552 3.454545e-01 -1.100000e-01 -4.665072e-02
1553 3.454545e-01 -1.100000e-01 -3.040072e-02
1554 3.454545e-01 -1.100000e-01 -1.415072e-02
1555 3.454545e-01 -1.100000e-01 -2.168404e-19
1556 3.454545e-01 -9.428571e-02 -4.665072e-02
1557 3.454545e-01 -7.857143e-02 -4.665072e-02
1558 3.454545e-01 -6.285714e-02 -4.665072e-02
1559 3.454545e-01 -4.714286e-02 -4.665072e-02
1560 3.454545e-01 -3.142857e-02 -4.665072e-02
1561 3.454545e-01 -1.571429e-02 -4.665072e-02
1562 3.454545e-01 1.387779e-17 -4.665072e-02
1563 3.454545e-01 1.571429e-02 -4.665072e-02
1564 3.454545e-01 3.142857e-02 -4.665072e-02
1565 3.454545e-01 4.714286e-02 -4.665072e-02
1566 3.454545e-01 6.285714e-02 -4.665072e-02
1567 3.454545e-01 7.857143e-02 -4.665072e-02
1568 3.454545e-01 9.428571e-02 -4.665072e-02
1569 3.454545e-01 1.100000e-01 -4.665072e-02
1570 3.454545e-01 1.100000e-01 -3.040072e-02
1571 3.454545e-01 1.100000e-01 -1.415072e-02
1572 3.454545e-01 1.100000e-01 -2.168404e-19
1573 3.608081e-01 -1.100000e-01 -4.665072e-02
1574 3.608081e-01 -1.100000e-01 -3.040072e-02
1575 3.608081e-01 -1.100000e-01 -1.415072e-02
1576 3.608081e-01 -1.100000e-01 -2.168404e-19
1577 3.608081e-01 -9.428571e-02 -4.665072e-02
1578 3.608081e-01 -7.857143e-02 -4.665072e-02
1579 3.608081e-01 -6.285714e-02 -4.665072e-02
1580 3.608081e-01 -4.714286e-02 -4.665072e-02
1581 3.608081e-01 -3.142857e-02 -4.665072e-02
1582 3.608081e-01 -1.571429e-02 -4.665072e-02
1583 3.608081e-01 1.387779e-17 -4.665072e-02
1584 3.608081e-01 1.571429e-02 -4.665072e-02
1585 3.608081e-01 3.142857e-02 -4.665072e-02
1586 3.608081e-01 4.714286e-02 -4.665072e-02
1587 3.608081e-01 6.285714e-02 -4.665072e-02
1588 3.608081e-01 7.857143e-02 -4.665072e-02
1589 3.608081e-01 9.428571e-02 -4.665072e-02
1590 3.608081e-01 1.100000e-01 -4.665072e-02
1591 3.608081e-01 1.100000e-01 -3.040072e-02
1592 3.608081e-01 1.100000e-01 -1.415072e-02
1593 3.608081e-01 1.100000e-01 -2.168404e-19
1594 3.761616e-01 -1.100000e-01 -4.665072e-02
1595 3.761616e-01 -1.100000e-01 -3.040072e-02
1596 3.761616e-01 -1.100000e-01 -1.415072e-02
1597 3.761616e-01 -1.100000e-01 -2.168404e-19
1598 3.761616e-01 -9.428571e-02 -4.665072e-02
1599 3.761616e-01 -7.857143e-02 -4.665072e-02
1600 3.761616e-01 -6.285714e-02 -4.665072e-02
1601 3.761616e-01 -4.714286e-02 -4.665072e-02
1602 3.761616e-01 -3.142857e-02 -4.665072e-02
1603 3.761616e-01 -1.571429e-02 -4.665072e-02
1604 3.761616e-01 1.387779e-17 -4.665072e-02
1605 3.761616e-01 1.571429e-02 -4.665072e-02
1606 3.761616e-01 3.142857e-02 -4.665072e-02
1607 3.761616e-01 4.714286e-02 -4.665072e-02
1608 3.761616e-01 6.285714e-02 -4.665072e-02
1609 3.761616e-01 7.857143e-02 -4.665072e-02
1610 3.761616e-01 9.428571e-02 -4.665072e-02
1611 3.761616e-01 1.100000e-01 -4.665072e-02
1612 3.761616e-01 1.100000e-01 -3.040072e-02
1613 3.761616e-01 1.100000e-01 -1.415072e-02
1614 3.761616e-01 1.100000e-01 -2.168404e-19
1615 3.915152e-01 -1.100000e-01 -4.665072e-02
1616 3.915152e-01 -1.100000e-01 -3.040072e-02
1617 3.915152e-01 -1.100000e-01 -1.415072e-02
1618 3.915152e-01 -1.100000e-01 -2.168404e-19
1619 3.915152e-01 -9.428571e-02 -4.665072e-02
1620 3.915152e-01 -7.857143e-02 -4.665072e-02
1621 3.915152e-01 -6.285714e-02 -4.665072e-02
1622 3.915152e-01 -4.714286e-02 -4.665072e-02
1623 3.915152e-01 -3.142857e-02 -4.665072e-02
1624 3.915152e-01 -1.571429e-02 -4.665072e-02
1625 3.915152e-01 1.387779e-17 -4.665072e-02
1626 3.915152e-01 1.571429e-02 -4.665072e-02
1627 3.915152e-01 3.142857e-02 -4.665072e-02
1628 3.915152e-01 4.714286e-02 -4.665072e-02
1629 3.915152e-01 6.285714e-02 -4.665072e-02
1630 3.915152e-01 7.857143e-02 -4.665072e-02
1631 3.915152e-01 9.428571e-02 -4.665072e-02
1632 3.915152e-01 1.100000e-01 -4.665072e-02
1633 3.915152e-01 1.100000e-01 -3.040072e-02
1634 3.915152e-01 1.100000e-01 -1.415072e-02
1635 3.915152e-01 1.100000e-01 -2.168404e-19
1636 4.068687e-01 -1.100000e-01 -4.665072e-02
1637 4.068687e-01 -1.100000e-01 -3.040072e-02
1638 4.068687e-01 -1.100000e-01 -1.415072e-02
1639 4.068687e-01 -1.100000e-01 -2.168404e-19
1640 4.068687e-01 -9.428571e-02 -4.665072e-02
1641 4.068687e-01 -7.857143e-02 -4.665072e-02
1642 4.068687e-01 -6.285714e-02 -4.665072e-02
1643 4.068687e-01 -4.714286e-02 -4.665072e-02
1644 4.068687e-01 -3.142857e-02 -4.665072e-02
1645 4.068687e-01 -1.571429e-02 -4.665072e-02
1646 4.068687e-01 1.387779e-17 -4.665072e-02
1647 4.068687e-01 1.571429e-02 -4.665072e-02
1648 4.068687e-01 3.142857e-02 -4.665072e-02
1649 4.068687e-01 4.714286e-02 -4.665072e-02
1650 4.068687e-01 6.285714e-02 -4.665072e-02
1651 4.068687e-01 7.857143e-02 -4.665072e-02
1652 4.068687e-01 9.428571e-02 -4.665072e-02
1653 4.068687e-01 1.100000e-01 -4.665072e-02
1654 4.068687e-01 1.100000e-01 -3.040072e-02
1655 4.068687e-01 1.100000e-01 -1.415072e-02
1656 4.068687e-01 1.100000e-01 -2.168404e-19
1657 4.222222e-01 -1.100000e-01 -4.665072e-02
1658 4.222222e-01 -1.100000e-01 -3.040072e-02
1659 4.222222e-01 -1.100000e-01 -1.415072e-02
1660 4.222222e-01 -1.100000e-01 -2.168404e-19
1661 4.222222e-01 -9.428571e-02 -4.665072e-02
1662 4.222222e-01 -7.857143e-02 -4.665072e-02
1663 4.222222e-01 -6.285714e-02 -4.665072e-02
1664 4.222222e-01 -4.714286e-02 -4.665072e-02
1665 4.222222e-01 -3.142857e-02 -4.665072e-02
1666 4.222222e-01 -1.571429e-02 -4.665072e-02
1667 4.222222e-01 1.387779e-17 -4.665072e-02
1668 4.222222e-01 1.571429e-02 -4.665072e-02
1669 4.222222e-01 3.142857e-02 -4.665072e-02
1670 4.222222e-01 4.714286e-02 -4.665072e-02
1671 4.222222e-01 6.285714e-02 -4.665072e-02
1672 4.222222e-01 7.857143e-02 -4.665072e-02
1673 4.222222e-01 9.428571e-02 -4.665072e-02
1674 4.222222e-01 1.100000e-01 -4.665072e-02
1675 4.222222e-01 1.100000e-01 -3.040072e-02
1676 4.222222e-01 1.100000e-01 -1.415072e-02
1677 4.222222e-01 1.100000e-01 -2.168404e-19
1678 4.375758e-01 -1.100000e-01 -4.665072e-02
1679 4.375758e-01 -1.100000e-01 -3.040072e-02
1680 4.375758e-01 -1.100000e-01 -1.415072e-02
1681 4.375758e-01 -1.100000e-01 -2.168404e-19
1682 4.375758e-01 -9.428571e-02 -4.665072e-02
1683 4.375758e-01 -7.857143e-02 -4.665072e-02
1684 4.375758e-01 -6.285714e-02 -4.665072e-02
1685 4.375758e-01 -4.714286e-02 -4.665072e-02
1686 4.375758e-01 -3.142857e-02 -4.665072e-02
1687 4.375758e-01 -1.571429e-02 -4.665072e-02
1688 4.375758e-01 1.387779e-17 -4.665072e-02
1689 4.375758e-01 1.571429e-02 -4.665072e-02
1690 4.375758e-01 3.142857e-02 -4.665072e-02
1691 4.375758e-01 4.714286e-02 -4.665072e-02
1692 4.375758e-01 6.285714e-02 -4.665072e-02
1693 4.375758e-01 7.857143e-02 -4.665072e-02
1694 4.375758e-01 9.428571e-02 -4.665072e-02
1695 4.375758e-01 1.100000e-01 -4.665072e-02
1696 4.375758e-01 1.100000e-01 -3.040072e-02
1697 4.375758e-01 1.100000e-01 -1.415072e-02
1698 4.375758e-01 1.100000e-01 -2.168404e-19
1699 4.529293e-01 -1.100000e-01 -4.665072e-02
1700 4.529293e-01 -1.100000e-01 -3.040072e-02
1701 4.529293e-01 -1.100000e-01 -1.415072e-02
1702 4.529293e-01 -1.100000e-01 -2.168404e-19
1703 4.529293e-01 -9.428571e-02 -4.665072e-02
1704 4.529293e-01 -7.857143e-02 -4.665072e-02
1705 4.529293e-01 -6.285714e-02 -4.665072e-02
1706 4.529293e-01 -4.714286e-02 -4.665072e-02
1707 4.529293e-01 -3.142857e-02 -4.665072e-02
1708 4.529293e-01 -1.571429e-02 -4.665072e-02
1709 4.529293e-01 1.387779e-17 -4.665072e-02
1710 4.529293e-01 1.571429e-02 -4.665072e-02
1711 4.529293e-01 3.142857e-02 -4.665072e-02
1712 4.529293e-01 4.714286e-02 -4.665072e-02
1713 4.529293e-01 6.285714e-02 -4.665072e-02
1714 4.529293e-01 7.857143e-02 -4.665072e-02
1715 4.529293e-01 9.428571e-02 -4.665072e-02
1716 4.529293e-01 1.100000e-01 -4.665072e-02
1717 4.529293e-01 1.100000e-01 -3.040072e-02
1718 4.529293e-01 1.100000e-01 -1.415072e-02
1719 4.529293e-01 1.100000e-01 -2.168404e-19
1720 4.682828e-01 -1.100000e-01 -4.665072e-02
1721 4.682828e-01 -1.100000e-01 -3.040072e-02
1722 4.682828e-01 -1.100000e-01 -1.415072e-02
1723 4.682828e-01 -1.100000e-01 -2.168404e-19
1724 4.682828e-01 -9.428571e-02 -4.665072e-02
1725 4.682828e-01 -7.857143e-02 -4.665072e-02
1726 4.682828e-01 -6.285714e-02 -4.665072e-02
1727 4.682828e-01 -4.714286e-02 -4.665072e-02
1728 4.682828e-01 -3.142857e-02 -4.665072e-02
1729 4.682828e-01 -1.571429e-02 -4.665072e-02
1730 4.682828e-01 1.387779e-17 -4.665072e-02
1731 4.682828e-01 1.571429e-02 -4.665072e-02
1732 4.682828e-01 3.142857e-02 -4.665072e-02
1733 4.682828e-01 4.714286e-02 -4.665072e-02
1734 4.682828e-01 6.285714e-02 -4.665072e-02
1735 4.682828e-01 7.857143e-02 -4.665072e-02
1736 4.682828e-01 9.428571e-02 -4.665072e-02
1737 4.682828e-01 1.100000e-01 -4.665072e-02
1738 4.682828e-01 1.100000e-01 -3.040072e-02
1739 4.682828e-01 1.100000e-01 -1.415072e-02
1740 4.682828e-01 1.100000e-01 -2.168404e-19
1741 4.836364e-01 -1.100000e-01 -4.665072e-02
1742 4.836364e-01 -1.100000e-01 -3.040072e-02
1743 4.836364e-01 -1.100000e-01 -1.415072e-02
1744 4.836364e-01 -1.100000e-01 -2.168404e-19
1745 4.836364e-01 -9.428571e-02 -4.665072e-02
1746 4.836364e-01 -7.857143e-02 -4.665072e-02
1747 4.836364e-01 -6.285714e-02 -4.665072e-02
1748 4.836364e-01 -4.714286e-02 -4.665072e-02
1749 4.836364e-01 -3.142857e-02 -4.665072e-02
1750 4.836364e-01 -1.571429e-02 -4.665072e-02
1751 4.836364e-01 1.387779e-17 -4.665072e-02
1752 4.836364e-01 1.571429e-02 -4.665072e-02
1753 4.836364e-01 3.142857e-02 -4.665072e-02
1754 4.836364e-01 4.714286e-02 -4.665072e-02
1755 4.836364e-01 6.285714e-02 -4.665072e-02
1756 4.836364e-01 7.857143e-02 -4.665072e-02
1757 4.836364e-01 9.428571e-02 -4.665072e-02
1758 4.836364e-01 1.100000e-01 -4.665072e-02
1759 4.836364e-01 1.100000e-01 -3.040072e-02
1760 4.836364e-01 1.100000e-01 -1.415072e-02
1761 4.836364e-01 1.100000e-01 -2.168404e-19
1762 4.989899e-01 -1.100000e-01 -4.665072e-02
1763 4.989899e-01 -1.100000e-01 -3.040072e-02
1764 4.989899e-01 -1.100000e-01 -1.415072e-02
1765 4.989899e-01 -1.100000e-01 -2.168404e-19
1766 4.989899e-01 -9.428571e-02 -4.665072e-02
1767 4.989899e-01 -7.857143e-02 -4.665072e-02
1768 4.989899e-01 -6.285714e-02 -4.665072e-02
1769 4.989899e-01 -4.714286e-02 -4.665072e-02
1770 4.989899e-01 -3.142857e-02 -4.665072e-02
1771 4.989899e-01 -1.571429e-02 -4.665072e-02
1772 4.989899e-01 1.387779e-17 -4.665072e-02
1773 4.989899e-01 1.571429e-02 -4.665072e-02
1774 4.989899e-01 3.142857e-02 -4.665072e-02
1775 4.989899e-01 4.714286e-02 -4.665072e-02
1776 4.989899e-01 6.285714e-02 -4.665072e-02
1777 4.989899e-01 7.857143e-02 -4.665072e-02
1778 4.989899e-01 9.428571e-02 -4.665072e-02
1779 4.989899e-01 1.100000e-01 -4.665072e-02
1780 4.989899e-01 1.100000e-01 -3.040072e-02
1781 4.989899e-01 1.100000e-01 -1.415072e-02
1782 4.989899e-01 1.100000e-01 -2.168404e-19
1783 5.143434e-01 -1.100000e-01 -4.665072e-02
1784 5.143434e-01 -1.100000e-01 -3.040072e-02
1785 5.143434e-01 -1.100000e-01 -1.415072e-02
1786 5.143434e-01 -1.100000e-01 -2.168404e-19
1787 5.143434e-01 -9.428571e-02 -4.665072e-02
1788 5.143434e-01 -7.857143e-02 -4.665072e-02
1789 5.143434e-01 -6.285714e-02 -4.665072e-02
1790 5.143434e-01 -4.714286e-02 -4.665072e-02
1791 5.143434e-01 -3.142857e-02 -4.665072e-02
1792 5.143434e-01 -1.571429e-02 -4.665072e-02
1793 5.143434e-01 1.387779e-17 -4.665072e-02
1794 5.143434e-01 1.571429e-02 -4.665072e-02
1795 5.143434e-01 3.142857e-02 -4.665072e-02
1796 5.143434e-01 4.714286e-02 -4.665072e-02
1797 5.143434e-01 6.285714e-02 -4.665072e-02
1798 5.143434e-01 7.857143e-02 -4.665072e-02
1799 5.143434e-01 9.428571e-02 -4.665072e-02
1800 5.143434e-01 1.100000e-01 -4.665072e-02
1801 5.143434e-01 1.100000e-01 -3.040072e-02
1802 5.143434e-01 1.100000e-01 -1.415072e-02
1803 5.143434e-01 1.100000e-01 -2.168404e-19
1804 5.296970e-01 -1.100000e-01 -4.665072e-02
1805 5.296970e-01 -1.100000e-01 -3.040072e-02
1806 5.296970e-01 -1.100000e-01 -1.415072e-02
1807 5.296970e-01 -1.100000e-01 -2.168404e-19
1808 5.296970e-01 -9.428571e-02 -4.665072e-02
1809 5.296970e-01 -7.857143e-02 -4.665072e-02
1810 5.296970e-01 -6.285714e-02 -4.665072e-02
1811 5.296970e-01 -4.714286e-02 -4.665072e-02
1812 5.296970e-01 -3.142857e-02 -4.665072e-02
1813 5.296970e-01 -1.571429e-02 -4.665072e-02
1814 5.296970e-01 1.387779e-17 -4.665072e-02
1815 5.296970e-01 1.571429e-02 -4.665072e-02
1816 5.296970e-01 3.142857e-02 -4.665072e-02
1817 5.296970e-01 4.714286e-02 -4.665072e-02
1818 5.296970e-01 6.285714e-02 -4.665072e-02
1819 5.296970e-01 7.857143e-02 -4.665072e-02
1820 5.296970e-01 9.428571e-02 -4.665072e-02
1821 5.296970e-01 1.100000e-01 -4.665072e-02
1822 5.296970e-01 1.100000e-01 -3.040072e-02
1823 5.296970e-01 1.100000e-01 -1.415072e-02
1824 5.296970e-01 1.100000e-01 -2.168404e-19
1825 5.450505e-01 -1.100000e-01 -4.665072e-02
1826 5.450505e-01 -1.100000e-01 -3.040072e-02
1827 5.450505e-01 -1.100000e-01 -1.415072e-02
1828 5.450505e-01 -1.100000e-01 -2.168404e-19
1829 5.450505e-01 -9.428571e-02 -4.665072e-02
1830 5.450505e-01 -7.857143e-02 -4.665072e-02
1831 5.450505e-01 -6.285714e-02 -4.665072e-02
1832 5.450505e-01 -4.714286e-02 -4.665072e-02
1833 5.450505e-01 -3.142857e-02 -4.665072e-02
1834 5.450505e-01 -1.571429e-02 -4.665072e-02
1835 5.450505e-01 1.387779e-17 -4.665072e-02
1836 5.450505e-01 1.571429e-02 -4.665072e-02
1837 5.450505e-01 3.142857e-02 -4.665072e-02
1838 5.450505e-01 4.714286e-02 -4.665072e-02
1839 5.450505e-01 6.285714e-02 -4.665072e-02
1840 5.450505e-01 7.857143e-02 -4.665072e-02
1841 5.450505e-01 9.428571e-02 -4.665072e-02
1842 5.450505e-01 1.100000e-01 -4.665072e-02
1843 5.450505e-01 1.100000e-01 -3.040072e-02
1844 5.450505e-01 1.100000e-01 -1.415072e-02
1845 5.450505e-01 1.100000e-01 -2.168404e-19
1846 5.604040e-01 -1.100000e-01 -4.665072e-02
1847 5.604040e-01 -1.100000e-01 -3.040072e-02
1848 5.604040e-01 -1.100000e-01 -1.415072e-02
1849 5.604040e-01 -1.100000e-01 -2.168404e-19
1850 5.604040e-01 -9.428571e-02 -4.665072e-02
1851 5.604040e-01 -7.857143e-02 -4.665072e-02
1852 5.604040e-01 -6.285714e-02 -4.665072e-02
1853 5.604040e-01 -4.714286e-02 -4.665072e-02
1854 5.604040e-01 -3.142857e-02 -4.665072e-02
1855 5.604040e-01 -1.571429e-02 -4.665072e-02
1856 5.604040e-01 1.387779e-17 -4.665072e-02
1857 5.604040e-01 1.571429e-02 -4.665072e-02
1858 5.604040e-01 3.142857e-02 -4.665072e-02
1859 5.604040e-01 4.714286e-02 -4.665072e-02
1860 5.604040e-01 6.285714e-02 -4.665072e-02
1861 5.604040e-01 7.857143e-02 -4.665072e-02
1862 5.604040e-01 9.428571e-02 -4.665072e-02
1863 5.604040e-01 1.100000e-01 -4.665072e-02
1864 5.604040e-01 1.100000e-01 -3.040072e-02
1865 5.604040e-01 1.100000e-01 -1.415072e-02
1866 5.604040e-01 1.100000e-01 -2.168404e-19
1867 5.757576e-01 -1.100000e-01 -4.665072e-02
1868 5.757576e-01 -1.100000e-01 -3.040072e-02
1869 5.757576e-01 -1.100000e-01 -1.415072e-02
1870 5.757576e-01 -1.100000e-01 -2.168404e-19
1871 5.757576e-01 -9.428571e-02 -4.665072e-02
1872 5.757576e-01 -7.857143e-02 -4.665072e-02
1873 5.757576e-01 -6.285714e-02 -4.665072e-02
1874 5.757576e-01 -4.714286e-02 -4.665072e-02
1875 5.757576e-01 -3.142857e-02 -4.665072e-02
1876 5.757576e-01 -1.571429e-02 -4.665072e-02
1877 5.757576e-01 1.387779e-17 -4.665072e-02
1878 5.757576e-01 1.571429e-02 -4.665072e-02
1879 5.757576e-01 3.142857e-02 -4.665072e-02
1880 5.757576e-01 4.714286e-02 -4.665072e-02
1881 5.757576e-01 6.285714e-02 -4.665072e-02
1882 5.757576e-01 7.857143e-02 -4.665072e-02
1883 5.757576e-01 9.428571e-02 -4.665072e-02
1884 5.757576e-01 1.100000e-01 -4.665072e-02
1885 5.757576e-01 1.100000e-01 -3.040072e-02
1886 5.757576e-01 1.100000e-01 -1.415072e-02
1887 5.757576e-01 1.100000e-01 -2.168404e-19
1888 5.911111e-01 -1.100000e-01 -4.665072e-02
1889 5.911111e-01 -1.100000e-01 -3.040072e-02
1890 5.911111e-01 -1.100000e-01 -1.415072e-02
1891 5.911111e-01 -1.100000e-01 -2.168404e-19
1892 5.911111e-01 -9.428571e-02 -4.665072e-02
1893 5.911111e-01 -7.857143e-02 -4.665072e-02
1894 5.911111e-01 -6.285714e-02 -4.665072e-02
1895 5.911111e-01 -4.714286e-02 -4.665072e-02
1896 5.911111e-01 -3.142857e-02 -4.665072e-02
1897 5.911111e-01 -1.571429e-02 -4.665072e-02
1898 5.911111e-01 1.387779e-17 -4.665072e-02
1899 5.911111e-01 1.571429e-02 -4.665072e-02
1900 5.911111e-01 3.142857e-02 -4.665072e-02
1901 5.911111e-01 4.714286e-02 -4.665072e-02
1902 5.911111e-01 6.285714e-02 -4.665072e-02
1903 5.911111e-01 7.857143e-02 -4.665072e-02
1904 5.911111e-01 9.428571e-02 -4.665072e-02
1905 5.911111e-01 1.100000e-01 -4.665072e-02
1906 5.911111e-01 1.100000e-01 -3.040072e-02
1907 5.911111e-01 1.100000e-01 -1.415072e-02
1908 5.911111e-01 1.100000e-01 -2.168404e-19
1909 6.064646e-01 -1.100000e-01 -4.665072e-02
1910 6.064646e-01 -1.100000e-01 -3.040072e-02
1911 6.064646e-01 -1.100000e-01 -1.415072e-02
1912 6.064646e-01 -1.100000e-01 -2.168404e-19
1913 6.064646e-01 -9.428571e-02 -4.665072e-02
1914 6.064646e-01 -7.857143e-02 -4.665072e-02
1915 6.064646e-01 -6.285714e-02 -4.665072e-02
1916 6.064646e-01 -4.714286e-02 -4.665072e-02
1917 6.064646e-01 -3.142857e-02 -4.665072e-02
1918 6.064646e-01 -1.571429e-02 -4.665072e-02
1919 6.064646e-01 1.387779e-17 -4.665072e-02
1920 6.064646e-01 1.571429e-02 -4.665072e-02
1921 6.064646e-01 3.142857e-02 -4.665072e-02
1922 6.064646e-01 4.714286e-02 -4.665072e-02
1923 6.064646e-01 6.285714e-02 -4.665072e-02
1924 6.064646e-01 7.857143e-02 -4.665072e-02
1925 6.064646e-01 9.428571e-02 -4.665072e-02
1926 6.064646e-01 1.100000e-01 -4.665072e-02
1927 6.064646e-01 1.100000e-01 -3.040072e-02
1928 6.064646e-01 1.100000e-01 -1.415072e-02
1929 6.064646e-01 1.100000e-01 -2.168404e-19
1930 6.218182e-01 -1.100000e-01 -4.665072e-02
1931 6.218182e-01 -1.100000e-01 -3.040072e-02
1932 6.218182e-01 -1.100000e-01 -1.415072e-02
1933 6.218182e-01 -1.100000e-01 -2.168404e-19
1934 6.218182e-01 -9.428571e-02 -4.665072e-02
1935 6.218182e-01 -7.857143e-02 -4.665072e-02
1936 6.218182e-01 -6.285714e-02 -4.665072e-02
1937 6.218182e-01 -4.714286e-02 -4.665072e-02
1938 6.218182e-01 -3.142857e-02 -4.665072e-02
1939 6.218182e-01 -1.571429e-02 -4.665072e-02
1940 6.218182e-01 1.387779e-17 -4.665072e-02
1941 6.218182e-01 1.571429e-02 -4.665072e-02
1942 6.218182e-01 3.142857e-02 -4.665072e-02
1943 6.218182e-01 4.714286e-02 -4.665072e-02
1944 6.218182e-01 6.285714e-02 -4.665072e-02
1945 6.218182e-01 7.857143e-02 -4.665072e-02
1946 6.218182e-01 9.428571e-02 -4.665072e-02
1947 6.218182e-01 1.100000e-01 -4.665072e-02
1948 6.218182e-01 1.100000e-01 -3.040072e-02
1949 6.218182e-01 1.100000e-01 -1.415072e-02
1950 6.218182e-01 1.100000e-01 -2.168404e-19
1951 6.371717e-01 -1.100000e-01 -4.665072e-02
1952 6.371717e-01 -1.100000e-01 -3.040072e-02
1953 6.371717e-01 -1.100000e-01 -1.415072e-02
1954 6.371717e-01 -1.100000e-01 -2.168404e-19
1955 6.371717e-01 -9.428571e-02 -4.665072e-02
1956 6.371717e-01 -7.857143e-02 -4.665072e-02
1957 6.371717e-01 -6.285714e-02 -4.665072e-02
1958 6.371717e-01 -4.714286e-02 -4.665072e-02
1959 6.371717e-01 -3.142857e-02 -4.665072e-02
1960 6.371717e-01 -1.571429e-02 -4.665072e-02
1961 6.371717e-01 1.387779e-17 -4.665072e-02
1962 6.371717e-01 1.571429e-02 -4.665072e-02
1963 6.371717e-01 3.142857e-02 -4.665072e-02
1964 6.371717e-01 4.714286e-02 -4.665072e-02
1965 6.371717e-01 6.285714e-02 -4.665072e-02
1966 6.371717e-01 7.857143e-02 -4.665072e-02
1967 6.371717e-01 9.428571e-02 -4.665072e-02
1968 6.371717e-01 1.100000e-01 -4.665072e-02
1969 6.371717e-01 1.100000e-01 -3.040072e-02
1970 6.371717e-01 1.100000e-01 -1.415072e-02
1971 6.371717e-01 1.100000e-01 -2.168404e-19
1972 6.525253e-01 -1.100000e-01 -4.665072e-02
1973 6.525253e-01 -1.100000e-01 -3.040072e-02
1974 6.525253e-01 -1.100000e-01 -1.415072e-02
1975 6.525253e-01 -1.100000e-01 -2.168404e-19
1976 6.525253e-01 -9.428571e-02 -4.665072e-02
1977 6.525253e-01 -7.857143e-02 -4.665072e-02
1978 6.525253e-01 -6.285714e-02 -4.665072e-02
1979 6.525253e-01 -4.714286e-02 -4.665072e-02
1980 6.525253e-01 -3.142857e-02 -4.665072e-02
1981 6.525253e-01 -1.571429e-02 -4.665072e-02
1982 6.525253e-01 1.387779e-17 -4.665072e-02
1983 6.525253e-01 1.571429e-02 -4.665072e-02
1984 6.525253e-01 3.142857e-02 -4.665072e-02
1985 6.525253e-01 4.714286e-02 -4.665072e-02
1986 6.525253e-01 6.285714e-02 -4.665072e-02
1987 6.525253e-01 7.857143e-02 -4.665072e-02
1988 6.525253e-01 9.428571e-02 -4.665072e-02
1989 6.525253e-01 1.100000e-01 -4.665072e-02
1990 6.525253e-01 1.100000e-01 -3.040072e-02
1991 6.525253e-01 1.100000e-01 -1.415072e-02
1992 6.525253e-01 1.100000e-01 -2.168404e-19
1993 6.678788e-01 -1.100000e-01 -4.665072e-02
1994 6.678788e-01 -1.100000e-01 -3.040072e-02
1995 6.678788e-01 -1.100000e-01 -1.415072e-02
1996 6.678788e-01 -1.100000e-01 -2.168404e-19
1997 6.678788e-01 -9.428571e-02 -4.665072e-02
1998 6.678788e-01 -7.857143e-02 -4.665072e-02
1999 6.678788e-01 -6.285714e-02 -4.665072e-02
2000 6.678788e-01 -4.714286e-02 -4.665072e-02
2001 6.678788e-01 -3.142857e-02 -4.665072e-02
2002 6.678788e-01 -1.571429e-02 -4.665072e-02
2003 6.678788e-01 1.387779e-17 -4.665072e-02
2004 6.678788e-01 1.571429e-02 -4.665072e-02
2005 6.678788e-01 3.142857e-02 -4.665072e-02
2006 6.678788e-01 4.714286e-02 -4.665072e-02
2007 6.678788e-01 6.285714e-02 -4.665072e-02
2008 6.678788e-01 7.857143e-02 -4.665072e-02
2009 6.678788e-01 9.428571e-02 -4.665072e-02
2010 6.678788e-01 1.100000e-01 -4.665072e-02
2011 6.678788e-01 1.100000e-01 -3.040072e-02
2012 6.678788e-01 1.100000e-01 -1.415072e-02
2013 6.678788e-01 1.100000e-01 -2.168404e-19
2014 6.832323e-01 -1.100000e-01 -4.665072e-02
2015 6.832323e-01 -1.100000e-01 -3.040072e-02
2016 6.832323e-01 -1.100000e-01 -1.415072e-02
2017 6.832323e-01 -1.100000e-01 -2.168404e-19
2018 6.832323e-01 -9.428571e-02 -4.665072e-02
2019 6.832323e-01 -7.857143e-02 -4.665072e-02
2020 6.832323e-01 -6.285714e-02 -4.665072e-02
2021 6.832323e-01 -4.714286e-02 -4.665072e-02
2022 6.832323e-01 -3.142857e-02 -4.665072e-02
2023 6.832323e-01 -1.571429e-02 -4.665072e-02
2024 6.832323e-01 1.387779e-17 -4.665072e-02
2025 6.832323e-01 1.571429e-02 -4.665072e-02
2026 6.832323e-01 3.142857e-02 -4.665072e-02
2027 6.832323e-01 4.714286e-02 -4.665072e-02
2028 6.832323e-01 6.285714e-02 -4.665072e-02
2029 6.832323e-01 7.857143e-02 -4.665072e-02
2030 6.832323e-01 9.428571e-02 -4.665072e-02
2031 6.832323e-01 1.100000e-01 -4.665072e-02
2032 6.832323e-01 1.100000e-01 -3.040072e-02
2033 6.832323e-01 1.100000e-01 -1.415072e-02
2034 6.832323e-01 1.100000e-01 -2.168404e-19
2035 6.985859e-01 -1.100000e-01 -4.665072e-02
2036 6.985859e-01 -1.100000e-01 -3.040072e-02
2037 6.985859e-01 -1.100000e-01 -1.415072e-02
2038 6.985859e-01 -1.100000e-01 -2.168404e-19
2039 6.985859e-01 -9.428571e-02 -4.665072e-02
2040 6.985859e-01 -7.857143e-02 -4.665072e-02
2041 6.985859e-01 -6.285714e-02 -4.665072e-02
2042 6.985859e-01 -4.714286e-02 -4.665072e-02
2043 6.985859e-01 -3.142857e-02 -4.665072e-02
2044 6.985859e-01 -1.571429e-02 -4.665072e-02
2045 6.985859e-01 1.387779e-17 -4.665072e-02
2046 6.985859e-01 1.571429e-02 -4.665072e-02
2047 6.985859e-01 3.142857e-02 -4.665072e-02
2048 6.985859e-01 4.714286e-02 -4.665072e-02
2049 6.985859e-01 6.285714e-02 -4.665072e-02
2050 6.985859e-01 7.857143e-02 -4.665072e-02
2051 6.985859e-01 9.428571e-02 -4.665072e-02
2052 6.985859e-01 1.100000e-01 -4.665072e-02
2053 6.985859e-01 1.100000e-01 -3.040072e-02
2054 6.985859e-01 1.100000e-01 -1.415072e-02
2055 6.985859e-01 1.100000e-01 -2.168404e-19
2056 7.139394e-01 -1.100000e-01 -4.665072e-02
2057 7.139394e-01 -1.100000e-01 -3.040072e-02
2058 7.139394e-01 -1.100000e-01 -1.415072e-02
2059 7.139394e-01 -1.100000e-01 -2.168404e-19
2060 7.139394e-01 -9.428571e-02 -4.665072e-02
2061 7.139394e-01 -7.857143e-02 -4.665072e-02
2062 7.139394e-01 -6.285714e-02 -4.665072e-02
2063 7.139394e-01 -4.714286e-02 -4.665072e-02
2064 7.139394e-01 -3.142857e-02 -4.665072e-02
2065 7.139394e-01 -1.571429e-02 -4.665072e-02
2066 7.139394e-01 1.387779e-17 -4.665072e-02
2067 7.139394e-01 1.571429e-02 -4.665072e-02
2068 7.139394e-01 3.142857e-02 -4.665072e-02
2069 7.139394e-01 4.714286e-02 -4.665072e-02
2070 7.139394e-01 6.285714e-02 -4.665072e-02
2071 7.139394e-01 7.857143e-02 -4.665072e-02
2072 7.139394e-01 9.428571e-02 -4.665072e-02
2073 7.139394e-01 1.100000e-01 -4.665072e-02
2074 7.139394e-01 1.100000e-01 -3.040072e-02
2075 7.139394e-01 1.100000e-01 -1.415072e-02
2076 7.139394e-01 1.100000e-01 -2.168404e-19
2077 7.292929e-01 -1.100000e-01 -4.665072e-02
2078 7.292929e-01 -1.100000e-01 -3.040072e-02
2079 7.292929e-01 -1.100000e-01 -1.415072e-02
2080 7.292929e-01 -1.100000e-01 -2.168404e-19
2081 7.292929e-01 -9.428571e-02 -4.665072e-02
2082 7.292929e-01 -7.857143e-02 -4.665072e-02
2083 7.292929e-01 -6.285714e-02 -4.665072e-02
2084 7.292929e-01 -4.714286e-02 -4.665072e-02
2085 7.292929e-01 -3.142857e-02 -4.665072e-02
2086 7.292929e-01 -1.571429e-02 -4.665072e-02
2087 7.292929e-01 1.387779e-17 -4.665072e-02
2088 7.292929e-01 1.571429e-02 -4.665072e-02
2089 7.292929e-01 3.142857e-02 -4.665072e-02
2090 7.292929e-01 4.714286e-02 -4.665072e-02
2091 7.292929e-01 6.285714e-02 -4.665072e-02
2092 7.292929e-01 7.857143e-02 -4.665072e-02
2093 7.292929e-01 9.428571e-02 -4.665072e-02
2094 7.292929e-01 1.100000e-01 -4.665072e-02
2095 7.292929e-01 1.100000e-01 -3.040072e-02
2096 7.292929e-01 1.100000e-01 -1.415072e-02
2097 7.292929e-01 1.100000e-01 -2.168404e-19
2098 7.446465e-01 -1.100000e-01 -4.665072e-02
2099 7.446465e-01 -1.100000e-01 -3.040072e-02
2100 7.446465e-01 -1.100000e-01 -1.415072e-02
2101 7.446465e-01 -1.100000e-01 -2.168404e-19
2102 7.446465e-01 -9.428571e-02 -4.665072e-02
2103 7.446465e-01 -7.857143e-02 -4.665072e-02
2104 7.446465e-01 -6.285714e-02 -4.665072e-02
2105 7.446465e-01 -4.714286e-02 -4.665072e-02
2106 7.446465e-01 -3.142857e-02 -4.665072e-02
2107 7.446465e-01 -1.571429e-02 -4.665072e-02
2108 7.446465e-01 1.387779e-17 -4.665072e-02
2109 7.446465e-01 1.571429e-02 -4.665072e-02
2110 7.446465e-01 3.142857e-02 -4.665072e-02
2111 7.446465e-01 4.714286e-02 -4.665072e-02
2112 7.446465e-01 6.285714e-02 -4.665072e-02
2113 7.446465e-01 7.857143e-02 -4.665072e-02
2114 7.446465e-01 9.428571e-02 -4.665072e-02
2115 7.446465e-01 1.100000e-01 -4.665072e-02
2116 7.446465e-01 1.100000e-01 -3.040072e-02
2117 7.446465e-01 1.100000e-01 -1.415072e-02
2118 7.446465e-01 1.100000e-01 -2.168404e-19
2119 7.600000e-01 -1.100000e-01 -4.665072e-02
2120 7.600000e-01 -1.100000e-01 -3.040072e-02
2121 7.600000e-01 -1.100000e-01 -1.415072e-02
2122 7.600000e-01 -1.100000e-01 -2.168404e-19
2123 7.600000e-01 -9.428571e-02 -4.665072e-02
2124 7.600000e-01 -9.428571e-02 -3.040072e-02
2125 7.600000e-01 -9.428571e-02 -1.415072e-02
2126 7.600000e-01 -9.428571e-02 -2.168404e-19
2127 7.600000e-01 -7.857143e-02 -4.665072e-02
2128 7.600000e-01 -7.857143e-02 -3.040072e-02
2129 7.600000e-01 -7.857143e-02 -1.415072e-02
2130 7.600000e-01 -7.857143e-02 -2.168404e-19
2131 7.600000e-01 -6.285714e-02 -4.665072e-02
2132 7.600000e-01 -6.285714e-02 -3.040072e-02
2133 7.600000e-01 -6.285714e-02 -1.415072e-02
2134 7.600000e-01 -6.285714e-02 -2.168404e-19
2135 7.600000e-01 -4.714286e-02 -4.665072e-02
2136 7.600000e-01 -4.714286e-02 -3.040072e-02
2137 7.600000e-01 -4.714286e-02 -1.415072e-02
2138 7.600000e-01 -4.714286e-02 -2.168404e-19
2139 7.600000e-01 -3.142857e-02 -4.665072e-02
2140 7.600000e-01 -3.142857e-02 -3.040072e-02
2141 7.600000e-01 -3.142857e-02 -1.415072e-02
2142 7.600000e-01 -3.142857e-02 -2.168404e-19
2143 7.600000e-01 -1.571429e-02 -4.665072e-02
2144 7.600000e-01 -1.571429e-02 -3.040072e-02
2145 7.600000e-01 -1.571429e-02 -1.415072e-02
2146 7.600000e-01 -1.571429e-02 -2.168404e-19
2147 7.600000e-01 -1.387779e-17 -4.665072e-02
2148 7.600000e-01 -1.387779e-17 -3.040072e-02
2149 7.600000e-01 -1.387779e-17 -1.415072e-02
2150 7.600000e-01 -1.387779e-17 -2.168404e-19
2151 7.600000e-01 1.571429e-02 -4.665072e-02
2152 7.600000e-01 1.571429e-02 -3.040072e-02
2153 7.600000e-01 1.571429e-02 -1.415072e-02
2154 7.600000e-01 1.571429e-02 -2.168404e-19
2155 7.600000e-01 3.142857e-02 -4.665072e-02
2156 7.600000e-01 3.142857e-02 -3.040072e-02
2157 7.600000e-01 3.142857e-02 -1.415072e-02
2158 7.600000e-01 3.142857e-02 -2.168404e-19
2159 7.600000e-01 4.714286e-02 -4.665072e-02
2160 7.600000e-01 4.714286e-02 -3.040072e-02
2161 7.600000e-01 4.714286e-02 -1.415072e-02
2162 7.600000e-01 4.714286e-02 -2.168404e-19
2163 7.600000e-01 6.285714e-02 -4.665072e-02
2164 7.600000e-01 6.285714e-02 -3.040072e-02
2165 7.600000e-01 6.285714e-02 -1.415072e-02
2166 7.600000e-01 6.285714e-02 -2.168404e-19
2167 7.600000e-01 7.857143e-02 -4.665072e-02
2168 7.600000e-01 7.857143e-02 -3.040072e-02
2169 7.600000e-01 7.857143e-02 -1.415072e-02
2170 7.600000e-01 7.857143e-02 -2.168404e-19
2171 7.600000e-01 9.428571e-02 -4.665072e-02
2172 7.600000e-01 9.428571e-02 -3.040072e-02
2173 7.600000e-01 9.428571e-02 -1.415072e-02
2174 7.600000e-01 9.428571e-02 -2.168404e-19
2175 7.600000e-01 1.100000e-01 -4.665072e-02
2176 7.600000e-01 1.100000e-01 -3.040072e-02
2177 7.600000e-01 1.100000e-01 -1.415072e-02
2178 7.600000e-01 1.100000e-01 -2.168404e-19
0 0 0 0
1 2 6 5
2 3 7 6
5 6 10 9
6 7 11 10
9 10 14 13
10 11 15 14
13 14 18 17
14 15 19 18
17 18 22 21
18 19 23 22
21 22 26 25
22 23 27 26
25 26 30 29
26 27 31 30
29 30 34 33
30 31 35 34
33 34 38 37
34 35 39 38
37 38 42 41
38 39 43 42
41 42 46 45
42 43 47 46
45 46 50 49
46 47 51 50
49 50 54 53
50 51 55 54
53 54 58 57
54 55 59 58
2175 2176 2172 2171
2176 2177 2173 2172
2171 2172 2168 2167
2172 2173 2169 2168
2167 2168 2164 2163
2168 2169 2165 2164
2163 2164 2160 2159
2164 2165 2161 2160
2159 2160 2156 2155
2160 2161 2157 2156
2155 2156 2152 2151
2156 2157 2153 2152
2151 2152 2148 2147
2152 2153 2149 2148
2147 2148 2144 2143
2148 2149 2145 2144
2143 2144 2140 2139
2144 2145 2141 2140
2139 2140 2136 2135
2140 2141 2137 2136
2135 2136 2132 2131
2136 2137 2133 2132
2131 2132 2128 2127
2132 2133 2129 2128
2127 2128 2124 2123
2128 2129 2125 2124
2123 2124 2120 2119
2124 2125 2121 2120
2119 2120 2099 2098
2120 2121 2100 2099
2098 2099 2078 2077
2099 2100 2079 2078
2077 2078 2057 2056
2078 2079 2058 2057
2056 2057 2036 2035
2057 2058 2037 2036
2035 2036 2015 2014
2036 2037 2016 2015
2014 2015 1994 1993
2015 2016 1995 1994
1993 1994 1973 1972
1994 1995 1974 1973
1972 1973 1952 1951
1973 1974 1953 1952
1951 1952 1931 1930
1952 1953 1932 1931
1930 1931 1910 1909
1931 1932 1911 1910
1909 1910 1889 1888
1910 1911 1890 1889
1888 1889 1868 1867
1889 1890 1869 1868
1867 1868 1847 1846
1868 1869 1848 1847
1846 1847 1826 1825
1847 1848 1827 1826
1825 1826 1805 1804
1826 1827 1806 1805
1804 1805 1784 1783
1805 1806 1785 1784
1783 1784 1763 1762
1784 1785 1764 1763
1762 1763 1742 1741
1763 1764 1743 1742
1741 1742 1721 1720
1742 1743 1722 1721
1720 1721 1700 1699
1721 1722 1701 1700
1699 1700 1679 1678
1700 1701 1680 1679
1678 1679 1658 1657
1679 1680 1659 1658
1657 1658 1637 1636
1658 1659 1638 1637
1636 1637 1616 1615
1637 1638 1617 1616
1615 1616 1595 1594
1616 1617 1596 1595
1594 1595 1574 1573
1595 1596 1575 1574
1573 1574 1553 1552
1574 1575 1554 1553
1552 1553 1532 1531
1553 1554 1533 1532
1531 1532 1511 1510
1532 1533 1512 1511
1510 1511 1490 1489
1511 1512 1491 1490
1489 1490 1469 1468
1490 1491 1470 1469
1468 1469 1448 1447
1469 1470 1449 1448
1447 1448 1427 1426
1448 1449 1428 1427
1426 1427 1406 1405
1427 1428 1407 1406
1405 1406 1385 1384
1406 1407 1386 1385
1384 1385 1364 1363
1385 1386 1365 1364
1363 1364 1343 1342
1364 1365 1344 1343
1342 1343 1322 1321
1343 1344 1323 1322
1321 1322 1301 1300
1322 1323 1302 1301
1300 1301 1280 1279
1301 1302 1281 1280
1279 1280 1259 1258
1280 1281 1260 1259
1258 1259 1238 1237
1259 1260 1239 1238
1237 1238 1217 1216
1238 1239 1218 1217
1216 1217 1196 1195
1217 1218 1197 1196
1195 1196 1175 1174
1196 1197 1176 1175
1174 1175 1154 1153
1175 1176 1155 1154
1153 1154 1133 1132
1154 1155 1134 1133
1132 1133 1112 1111
1133 1134 1113 1112
1111 1112 1091 1090
1112 1113 1092 1091
1090 1091 1070 1069
1091 1092 1071 1070
1069 1070 1049 1048
1070 1071 1050 1049
1048 1049 1028 1027
1049 1050 1029 1028
1027 1028 1007 1006
1028 1029 1008 1007
1006 1007 986 985
1007 1008 987 986
985 986 965 964
986 987 966 965
964 965 944 943
965 966 945 944
943 944 923 922
944 945 924 923
922 923 902 901
923 924 903 902
901 902 881 880
902 903 882 881
880 881 860 859
881 882 861 860
859 860 839 838
860 861 840 839
838 839 818 817
839 840 819 818
817 818 797 796
818 819 798 797
796 797 776 775
797 798 777 776
775 776 755 754
776 777 756 755
754 755 734 733
755 756 735 734
733 734 713 712
734 735 714 713
712 713 692 691
713 714 693 692
691 692 671 670
692 693 672 671
670 671 650 649
671 672 651 650
649 650 629 628
650 651 630 629
628 629 608 607
629 630 609 608
607 608 587 586
608 609 588 587
586 587 566 565
587 588 567 566
565 566 545 544
566 567 546 545
544 545 524 523
545 546 525 524
523 524 503 502
524 525 504 503
502 503 482 481
503 504 483 482
481 482 461 460
482 483 462 461
460 461 440 439
461 462 441 440
439 440 419 418
440 441 420 419
418 419 398 397
419 420 399 398
397 398 377 376
398 399 378 377
376 377 356 355
377 378 357 356
355 356 335 334
356 357 336 335
334 335 314 313
335 336 315 314
313 314 293 292
314 315 294 293
292 293 272 271
293 294 273 272
271 272 251 250
272 273 252 251
250 251 230 229
251 252 231 230
229 230 209 208
230 231 210 209
208 209 188 187
209 210 189 188
187 188 167 166
188 189 168 167
166 167 146 145
167 168 147 146
145 146 125 124
146 147 126 125
124 125 104 103
125 126 105 104
103 104 83 82
104 105 84 83
82 83 62 61
83 84 63 62
61 62 2 1
62 63 3 2
57 58 79 78
58 59 80 79
78 79 100 99
79 80 101 100
99 100 121 120
100 101 122 121
120 121 142 141
121 122 143 142
141 142 163 162
142 143 164 163
162 163 184 183
163 164 185 184
183 184 205 204
184 185 206 205
204 205 226 225
205 206 227 226
225 226 247 246
226 227 248 247
246 247 268 267
247 248 269 268
267 268 289 288
268 269 290 289
288 289 310 309
289 290 311 310
309 310 331 330
310 311 332 331
330 331 352 351
331 332 353 352
351 352 373 372
352 353 374 373
372 373 394 393
373 374 395 394
393 394 415 414
394 395 416 415
414 415 436 435
415 416 437 436
435 436 457 456
436 437 458 457
456 457 478 477
457 458 479 478
477 478 499 498
478 479 500 499
498 499 520 519
499 500 521 520
519 520 541 540
520 521 542 541
540 541 562 561
541 542 563 562
561 562 583 582
562 563 584 583
582 583 604 603
583 584 605 604
603 604 625 624
604 605 626 625
624 625 646 645
625 626 647 646
645 646 667 666
646 647 668 667
666 667 688 687
667 668 689 688
687 688 709 708
688 689 710 709
708 709 730 729
709 710 731 730
729 730 751 750
730 731 752 751
750 751 772 771
751 752 773 772
771 772 793 792
772 773 794 793
792 793 814 813
793 794 815 814
813 814 835 834
814 815 836 835
834 835 856 855
835 836 857 856
855 856 877 876
856 857 878 877
876 877 898 897
877 878 899 898
897 898 919 918
898 899 920 919
918 919 940 939
919 920 941 940
939 940 961 960
940 941 962 961
960 961 982 981
961 962 983 982
981 982 1003 1002
982 983 1004 1003
1002 1003 1024 1023
1003 1004 1025 1024
1023 1024 1045 1044
1024 1025 1046 1045
1044 1045 1066 1065
1045 1046 1067 1066
1065 1066 1087 1086
1066 1067 1088 1087
1086 1087 1108 1107
1087 1088 1109 1108
1107 1108 1129 1128
1108 1109 1130 1129
1128 1129 1150 1149
1129 1130 1151 1150
1149 1150 1171 1170
1150 1151 1172 1171
1170 1171 1192 1191
1171 1172 1193 1192
1191 1192 1213 1212
1192 1193 1214 1213
1212 1213 1234 1233
1213 1214 1235 1234
1233 1234 1255 1254
1234 1235 1256 1255
1254 1255 1276 1275
1255 1256 1277 1276
1275 1276 1297 1296
1276 1277 1298 1297
1296 1297 1318 1317
1297 1298 1319 1318
1317 1318 1339 1338
1318 1319 1340 1339
1338 1339 1360 1359
1339 1340 1361 1360
1359 1360 1381 1380
1360 1361 1382 1381
1380 1381 1402 1401
1381 1382 1403 1402
1401 1402 1423 1422
1402 1403 1424 1423
1422 1423 1444 1443
1423 1424 1445 1444
1443 1444 1465 1464
1444 1445 1466 1465
1464 1465 1486 1485
1465 1466 1487 1486
1485 1486 1507 1506
1486 1487 1508 1507
1506 1507 1528 1527
1507 1508 1529 1528
1527 1528 1549 1548
1528 1529 1550 1549
1548 1549 1570 1569
1549 1550 1571 1570
1569 1570 1591 1590
1570 1571 1592 1591
1590 1591 1612 1611
1591 1592 1613 1612
1611 1612 1633 1632
1612 1613 1634 1633
1632 1633 1654 1653
1633 1634 1655 1654
1653 1654 1675 1674
1654 1655 1676 1675
1674 1675 1696 1695
1675 1676 1697 1696
1695 1696 1717 1716
1696 1697 1718 1717
1716 1717 1738 1737
1717 1718 1739 1738
1737 1738 1759 1758
1738 1739 1760 1759
1758 1759 1780 1779
1759 1760 1781 1780
1779 1780 1801 1800
1780 1781 1802 1801
1800 1801 1822 1821
1801 1802 1823 1822
1821 1822 1843 1842
1822 1823 1844 1843
1842 1843 1864 1863
1843 1844 1865 1864
1863 1864 1885 1884
1864 1865 1886 1885
1884 1885 1906 1905
1885 1886 1907 1906
1905 1906 1927 1926
1906 1907 1928 1927
1926 1927 1948 1947
1927 1928 1949 1948
1947 1948 1969 1968
1948 1949 1970 1969
1968 1969 1990 1989
1969 1970 1991 1990
1989 1990 2011 2010
1990 1991 2012 2011
2010 2011 2032 2031
2011 2012 2033 2032
2031 2032 2053 2052
2032 2033 2054 2053
2052 2053 2074 2073
2053 2054 2075 2074
2073 2074 2095 2094
2074 2075 2096 2095
2094 2095 2116 2115
2095 2096 2117 2116
2115 2116 2176 2175
2116 2117 2177 2176
2119 2098 2102 2123
2098 2077 2081 2102
2077 2056 2060 2081
2056 2035 2039 2060
2035 2014 2018 2039
2014 1993 1997 2018
1993 1972 1976 1997
1972 1951 1955 1976
1951 1930 1934 1955
1930 1909 1913 1934
1909 1888 1892 1913
1888 1867 1871 1892
1867 1846 1850 1871
1846 1825 1829 1850
1825 1804 1808 1829
1804 1783 1787 1808
1783 1762 1766 1787
1762 1741 1745 1766
1741 1720 1724 1745
1720 1699 1703 1724
1699 1678 1682 1703
1678 1657 1661 1682
1657 1636 1640 1661
1636 1615 1619 1640
1615 1594 1598 1619
1594 1573 1577 1598
1573 1552 1556 1577
1552 1531 1535 1556
1531 1510 1514 1535
1510 1489 1493 1514
1489 1468 1472 1493
1468 1447 1451 1472
1447 1426 1430 1451
1426 1405 1409 1430
1405 1384 1388 1409
1384 1363 1367 1388
1363 1342 1346 1367
1342 1321 1325 1346
1321 1300 1304 1325
1300 1279 1283 1304
1279 1258 1262 1283
1258 1237 1241 1262
1237 1216 1220 1241
1216 1195 1199 1220
1195 1174 1178 1199
1174 1153 1157 1178
1153 1132 1136 1157
1132 1111 1115 1136
1111 1090 1094 1115
1090 1069 1073 1094
1069 1048 1052 1073
1048 1027 1031 1052
1027 1006 1010 1031
1006 985 989 1010
985 964 968 989
964 943 947 968
943 922 926 947
922 901 905 926
901 880 884 905
880 859 863 884
859 838 842 863
838 817 821 842
817 796 800 821
796 775 779 800
775 754 758 779
754 733 737 758
733 712 716 737
712 691 695 716
691 670 674 695
670 649 653 674
649 628 632 653
628 607 611 632
607 586 590 611
586 565 569 590
565 544 548 569
544 523 527 548
523 502 506 527
502 481 485 506
481 460 464 485
460 439 443 464
439 418 422 443
418 397 401 422
397 376 380 401
376 355 359 380
355 334 338 359
334 313 317 338
313 292 296 317
292 271 275 296
271 250 254 275
250 229 233 254
229 208 212 233
208 187 191 212
187 166 170 191
166 145 149 170
145 124 128 149
124 103 107 128
103 82 86 107
82 61 65 86
61 1 5 65
2123 2102 2103 2127
2102 2081 2082 2103
2081 2060 2061 2082
2060 2039 2040 2061
2039 2018 2019 2040
2018 1997 1998 2019
1997 1976 1977 1998
1976 1955 1956 1977
1955 1934 1935 1956
1934 1913 1914 1935
1913 1892 1893 1914
1892 1871 1872 1893
1871 1850 1851 1872
1850 1829 1830 1851
1829 1808 1809 1830
1808 1787 1788 1809
1787 1766 1767 1788
1766 1745 1746 1767
1745 1724 1725 1746
1724 1703 1704 1725
1703 1682 1683 1704
1682 1661 1662 1683
1661 1640 1641 1662
1640 1619 1620 1641
1619 1598 1599 1620
1598 1577 1578 1599
1577 1556 1557 1578
1556 1535 1536 1557
1535 1514 1515 1536
1514 1493 1494 1515
1493 1472 1473 1494
1472 1451 1452 1473
1451 1430 1431 1452
1430 1409 1410 1431
1409 1388 1389 1410
1388 1367 1368 1389
1367 1346 1347 1368
1346 1325 1326 1347
1325 1304 1305 1326
1304 1283 1284 1305
1283 1262 1263 1284
1262 1241 1242 1263
1241 1220 1221 1242
1220 1199 1200 1221
1199 1178 1179 1200
1178 1157 1158 1179
1157 1136 1137 1158
1136 1115 1116 1137
1115 1094 1095 1116
1094 1073 1074 1095
1073 1052 1053 1074
1052 1031 1032 1053
1031 1010 1011 1032
1010 989 990 1011
989 968 969 990
968 947 948 969
947 926 927 948
926 905 906 927
905 884 885 906
884 863 864 885
863 842 843 864
842 821 822 843
821 800 801 822
800 779 780 801
779 758 759 780
758 737 738 759
737 716 717 738
716 695 696 717
695 674 675 696
674 653 654 675
653 632 633 654
632 611 612 633
611 590 591 612
590 569 570 591
569 548 549 570
548 527 528 549
527 506 507 528
506 485 486 507
485 464 465 486
464 443 444 465
443 422 423 444
422 401 402 423
401 380 381 402
380 359 360 381
359 338 339 360
338 317 318 339
317 296 297 318
296 275 276 297
275 254 255 276
254 233 234 255
233 212 213 234
212 191 192 213
191 170 171 192
170 149 150 171
149 128 129 150
128 107 108 129
107 86 87 108
86 65 66 87
65 5 9 66
2127 2103 2104 2131
2103 2082 2083 2104
2082 2061 2062 2083
2061 2040 2041 2062
2040 2019 2020 2041
2019 1998 1999 2020
1998 1977 1978 1999
1977 1956 1957 1978
1956 1935 1936 1957
1935 1914 1915 1936
1914 1893 1894 1915
1893 1872 1873 1894
1872 1851 1852 1873
1851 1830 1831 1852
1830 1809 1810 1831
1809 1788 1789 1810
1788 1767 1768 1789
1767 1746 1747 1768
1746 1725 1726 1747
1725 1704 1705 1726
1704 1683 1684 1705
1683 1662 1663 1684
1662 1641 1642 1663
1641 1620 1621 1642
1620 1599 1600 1621
1599 1578 1579 1600
1578 1557 1558 1579
1557 1536 1537 1558
1536 1515 1516 1537
1515 1494 1495 1516
1494 1473 1474 1495
1473 1452 1453 1474
1452 1431 1432 1453
1431 1410 1411 1432
1410 1389 1390 1411
1389 1368 1369 1390
1368 1347 1348 1369
1347 1326 1327 1348
1326 1305 1306 1327
1305 1284 1285 1306
1284 1263 1264 1285
1263 1242 1243 1264
1242 1221 1222 1243
1221 1200 1201 1222
1200 1179 1180 1201
1179 1158 1159 1180
1158 1137 1138 1159
1137 1116 1117 1138
1116 1095 1096 1117
1095 1074 1075 1096
1074 1053 1054 1075
1053 1032 1033 1054
1032 1011 1012 1033
1011 990 991 1012
990 969 970 991
969 948 949 970
948 927 928 949
927 906 907 928
906 885 886 907
885 864 865 886
864 843 844 865
843 822 823 844
822 801 802 823
801 780 781 802
780 759 760 781
759 738 739 760
738 717 718 739
717 696 697 718
696 675 676 697
675 654 655 676
654 633 634 655
633 612 613 634
612 591 592 613
591 570 571 592
570 549 550 571
549 528 529 550
528 507 508 529
507 486 487 508
486 465 466 487
465 444 445 466
444 423 424 445
423 402 403 424
402 381 382 403
381 360 361 382
360 339 340 361
339 318 319 340
318 297 298 319
297 276 277 298
276 255 256 277
255 234 235 256
234 213 214 235
213 192 193 214
192 171 172 193
171 150 151 172
150 129 130 151
129 108 109 130
108 87 88 109
87 66 67 88
66 9 13 67
2131 2104 2105 2135
2104 2083 2084 2105
2083 2062 2063 2084
2062 2041 2042 2063
2041 2020 2021 2042
2020 1999 2000 2021
1999 1978 1979 2000
1978 1957 1958 1979
1957 1936 1937 1958
1936 1915 1916 1937
1915 1894 1895 1916
1894 1873 1874 1895
1873 1852 1853 1874
1852 1831 1832 1853
1831 1810 1811 1832
1810 1789 1790 1811
1789 1768 1769 1790
1768 1747 1748 1769
1747 1726 1727 1748
1726 1705 1706 1727
1705 1684 1685 1706
1684 1663 1664 1685
1663 1642 1643 1664
1642 1621 1622 1643
1621 1600 1601 1622
1600 1579 1580 1601
1579 1558 1559 1580
1558 1537 1538 1559
1537 1516 1517 1538
1516 1495 1496 1517
1495 1474 1475 1496
1474 1453 1454 1475
1453 1432 1433 1454
1432 1411 1412 1433
1411 1390 1391 1412
1390 1369 1370 1391
1369 1348 1349 1370
1348 1327 1328 1349
1327 1306 1307 1328
1306 1285 1286 1307
1285 1264 1265 1286
1264 1243 1244 1265
1243 1222 1223 1244
1222 1201 1202 1223
1201 1180 1181 1202
1180 1159 1160 1181
1159 1138 1139 1160
1138 1117 1118 1139
1117 1096 1097 1118
1096 1075 1076 1097
1075 1054 1055 1076
1054 1033 1034 1055
1033 1012 1013 1034
1012 991 992 1013
991 970 971 992
970 949 950 971
949 928 929 950
928 907 908 929
907 886 887 908
886 865 866 887
865 844 845 866
844 823 824 845
823 802 803 824
802 781 782 803
781 760 761 782
760 739 740 761
739 718 719 740
718 697 698 719
697 676 677 698
676 655 656 677
655 634 635 656
634 613 614 635
613 592 593 614
592 571 572 593
571 550 551 572
550 529 530 551
529 508 509 530
508 487 488 509
487 466 467 488
466 445 446 467
445 424 425 446
424 403 404 425
403 382 383 404
382 361 362 383
361 340 341 362
340 319 320 341
319 298 299 320
298 277 278 299
277 256 257 278
256 235 236 257
235 214 215 236
214 193 194 215
193 172 173 194
172 151 152 173
151 130 131 152
130 109 110 131
109 88 89 110
88 67 68 89
67 13 17 68
2135 2105 2106 2139
2105 2084 2085 2106
2084 2063 2064 2085
2063 2042 2043 2064
2042 2021 2022 2043
2021 2000 2001 2022
2000 1979 1980 2001
1979 1958 1959 1980
1958 1937 1938 1959
1937 1916 1917 1938
1916 1895 1896 1917
1895 1874 1875 1896
1874 1853 1854 1875
1853 1832 1833 1854
1832 1811 1812 1833
1811 1790 1791 1812
1790 1769 1770 1791
1769 1748 1749 1770
1748 1727 1728 1749
1727 1706 1707 1728
1706 1685 1686 1707
1685 1664 1665 1686
1664 1643 1644 1665
1643 1622 1623 1644
1622 1601 1602 1623
1601 1580 1581 1602
1580 1559 1560 1581
1559 1538 1539 1560
1538 1517 1518 1539
1517 1496 1497 1518
1496 1475 1476 1497
1475 1454 1455 1476
1454 1433 1434 1455
1433 1412 1413 1434
1412 1391 1392 1413
1391 1370 1371 1392
1370 1349 1350 1371
1349 1328 1329 1350
1328 1307 1308 1329
1307 1286 1287 1308
1286 1265 1266 1287
1265 1244 1245 1266
1244 1223 1224 1245
1223 1202 1203 1224
1202 1181 1182 1203
1181 1160 1161 1182
1160 1139 1140 1161
1139 1118 1119 1140
1118 1097 1098 1119
1097 1076 1077 1098
1076 1055 1056 1077
1055 1034 1035 1056
1034 1013 1014 1035
1013 992 993 1014
992 971 972 993
971 950 951 972
950 929 930 951
929 908 909 930
908 887 888 909
887 866 867 888
866 845 846 867
845 824 825 846
824 803 804 825
803 782 783 804
782 761 762 783
761 740 741 762
740 719 720 741
719 698 699 720
698 677 678 699
677 656 657 678
656 635 636 657
635 614 615 636
614 593 594 615
593 572 573 594
572 551 552 573
551 530 531 552
530 509 510 531
509 488 489 510
488 467 468 489
467 446 447 468
446 425 426 447
425 404 405 426
404 383 384 405
383 362 363 384
362 341 342 363
341 320 321 342
320 299 300 321
299 278 279 300
278 257 258 279
257 236 237 258
236 215 216 237
215 194 195 216
194 173 174 195
173 152 153 174
152 131 132 153
131 110 111 132
110 89 90 111
89 68 69 90
68 17 21 69
2139 2106 2107 2143
2106 2085 2086 2107
2085 2064 2065 2086
2064 2043 2044 2065
2043 2022 2023 2044
2022 2001 2002 2023
2001 1980 1981 2002
1980 1959 1960 1981
1959 1938 1939 1960
1938 1917 1918 1939
1917 1896 1897 1918
1896 1875 1876 1897
1875 1854 1855 1876
1854 1833 1834 1855
1833 1812 1813 1834
1812 1791 1792 1813
1791 1770 1771 1792
1770 1749 1750 1771
1749 1728 1729 1750
1728 1707 1708 1729
1707 1686 1687 1708
1686 1665 1666 1687
1665 1644 1645 1666
1644 1623 1624 1645
1623 1602 1603 1624
1602 1581 1582 1603
1581 1560 1561 1582
1560 1539 1540 1561
1539 1518 1519 1540
1518 1497 1498 1519
1497 1476 1477 1498
1476 1455 1456 1477
1455 1434 1435 1456
1434 1413 1414 1435
1413 1392 1393 1414
1392 1371 1372 1393
1371 1350 1351 1372
1350 1329 1330 1351
1329 1308 1309 1330
1308 1287 1288 1309
1287 1266 1267 1288
1266 1245 1246 1267
1245 1224 1225 1246
1224 1203 1204 1225
1203 1182 1183 1204
1182 1161 1162 1183
1161 1140 1141 1162
1140 1119 1120 1141
1119 1098 1099 1120
1098 1077 1078 1099
1077 1056 1057 1078
1056 1035 1036 1057
1035 1014 1015 1036
1014 993 994 1015
993 972 973 994
972 951 952 973
951 930 931 952
930 909 910 931
909 888 889 910
888 867 868 889
867 846 847 868
846 825 826 847
825 804 805 826
804 783 784 805
783 762 763 784
762 741 742 763
741 720 721 742
720 699 700 721
699 678 679 700
678 657 658 679
657 636 637 658
636 615 616 637
615 594 595 616
594 573 574 595
573 552 553 574
552 531 532 553
531 510 511 532
510 489 490 511
489 468 469 490
468 447 448 469
447 426 427 448
426 405 406 427
405 384 385 406
384 363 364 385
363 342 343 364
342 321 322 343
321 300 301 322
300 279 280 301
279 258 259 280
258 237 238 259
237 216 217 238
216 195 196 217
195 174 175 196
174 153 154 175
153 132 133 154
132 111 112 133
111 90 91 112
90 69 70 91
69 21 25 70
2143 2107 2108 2147
2107 2086 2087 2108
2086 2065 2066 2087
2065 2044 2045 2066
2044 2023 2024 2045
2023 2002 2003 2024
2002 1981 1982 2003
1981 1960 1961 1982
1960 1939 1940 1961
1939 1918 1919 1940
1918 1897 1898 1919
1897 1876 1877 1898
1876 1855 1856 1877
1855 1834 1835 1856
1834 1813 1814 1835
1813 1792 1793 1814
1792 1771 1772 1793
1771 1750 1751 1772
1750 1729 1730 1751
1729 1708 1709 1730
1708 1687 1688 1709
1687 1666 1667 1688
1666 1645 1646 1667
1645 1624 1625 1646
1624 1603 1604 1625
1603 1582 1583 1604
1582 1561 1562 1583
1561 1540 1541 1562
1540 1519 1520 1541
1519 1498 1499 1520
1498 1477 1478 1499
1477 1456 1457 1478
1456 1435 1436 1457
1435 1414 1415 1436
1414 1393 1394 1415
1393 1372 1373 1394
1372 1351 1352 1373
1351 1330 1331 1352
1330 1309 1310 1331
1309 1288 1289 1310
1288 1267 1268 1289
1267 1246 1247 1268
1246 1225 1226 1247
1225 1204 1205 1226
1204 1183 1184 1205
1183 1162 1163 1184
1162 1141 1142 1163
1141 1120 1121 1142
1120 1099 1100 1121
1099 1078 1079 1100
1078 1057 1058 1079
1057 1036 1037 1058
1036 1015 1016 1037
1015 994 995 1016
994 973 974 995
973 952 953 974
952 931 932 953
931 910 911 932
910 889 890 911
889 868 869 890
868 847 848 869
847 826 827 848
826 805 806 827
805 784 785 806
784 763 764 785
763 742 743 764
742 721 722 743
721 700 701 722
700 679 680 701
679 658 659 680
658 637 638 659
637 616 617 638
616 595 596 617
595 574 575 596
574 553 554 575
553 532 533 554
532 511 512 533
511 490 491 512
490 469 470 491
469 448 449 470
448 427 428 449
427 406 407 428
406 385 386 407
385 364 365 386
364 343 344 365
343 322 323 344
322 301 302 323
301 280 281 302
280 259 260 281
259 238 239 260
238 217 218 239
217 196 197 218
196 175 176 197
175 154 155 176
154 133 134 155
133 112 113 134
112 91 92 113
91 70 71 92
70 25 29 71
2147 2108 2109 2151
2108 2087 2088 2109
2087 2066 2067 2088
2066 2045 2046 2067
2045 2024 2025 2046
2024 2003 2004 2025
2003 1982 1983 2004
1982 1961 1962 1983
1961 1940 1941 1962
1940 1919 1920 1941
1919 1898 1899 1920
1898 1877 1878 1899
1877 1856 1857 1878
1856 1835 1836 1857
1835 1814 1815 1836
1814 1793 1794 1815
1793 1772 1773 1794
1772 1751 1752 1773
1751 1730 1731 1752
1730 1709 1710 1731
1709 1688 1689 1710
1688 1667 1668 1689
1667 1646 1647 1668
1646 1625 1626 1647
1625 1604 1605 1626
1604 1583 1584 1605
1583 1562 1563 1584
1562 1541 1542 1563
1541 1520 1521 1542
1520 1499 1500 1521
1499 1478 1479 1500
1478 1457 1458 1479
1457 1436 1437 1458
1436 1415 1416 1437
1415 1394 1395 1416
1394 1373 1374 1395
1373 1352 1353 1374
1352 1331 1332 1353
1331 1310 1311 1332
1310 1289 1290 1311
1289 1268 1269 1290
1268 1247 1248 1269
1247 1226 1227 1248
1226 1205 1206 1227
1205 1184 1185 1206
1184 1163 1164 1185
1163 1142 1143 1164
1142 1121 1122 1143
1121 1100 1101 1122
1100 1079 1080 1101
1079 1058 1059 1080
1058 1037 1038 1059
1037 1016 1017 1038
1016 995 996 1017
995 974 975 996
974 953 954 975
953 932 933 954
932 911 912 933
911 890 891 912
890 869 870 891
869 848 849 870
848 827 828 849
827 806 807 828
806 785 786 807
785 764 765 786
764 743 744 765
743 722 723 744
722 701 702 723
701 680 681 702
680 659 660 681
659 638 639 660
638 617 618 639
617 596 597 618
596 575 576 597
575 554 555 576
554 533 534 555
533 512 513 534
512 491 492 513
491 470 471 492
470 449 450 471
449 428 429 450
428 407 408 429
407 386 387 408
386 365 366 387
365 344 345 366
344 323 324 345
323 302 303 324
302 281 282 303
281 260 261 282
260 239 240 261
239 218 219 240
218 197 198 219
197 176 177 198
176 155 156 177
155 134 135 156
134 113 114 135
113 92 93 114
92 71 72 93
71 29 33 72
2151 2109 2110 2155
2109 2088 2089 2110
2088 2067 2068 2089
2067 2046 2047 2068
2046 2025 2026 2047
2025 2004 2005 2026
2004 1983 1984 2005
1983 1962 1963 1984
1962 1941 1942 1963
1941 1920 1921 1942
1920 1899 1900 1921
1899 1878 1879 1900
1878 1857 1858 1879
1857 1836 1837 1858
1836 1815 1816 1837
1815 1794 1795 1816
1794 1773 1774 1795
1773 1752 1753 1774
1752 1731 1732 1753
1731 1710 1711 1732
1710 1689 1690 1711
1689 1668 1669 1690
1668 1647 1648 1669
1647 1626 1627 1648
1626 1605 1606 1627
1605 1584 1585 1606
1584 1563 1564 1585
1563 1542 1543 1564
1542 1521 1522 1543
1521 1500 1501 1522
1500 1479 1480 1501
1479 1458 1459 1480
1458 1437 1438 1459
1437 1416 1417 1438
1416 1395 1396 1417
1395 1374 1375 1396
1374 1353 1354 1375
1353 1332 1333 1354
1332 1311 1312 1333
1311 1290 1291 1312
1290 1269 1270 1291
1269 1248 1249 1270
1248 1227 1228 1249
1227 1206 1207 1228
1206 1185 1186 1207
1185 1164 1165 1186
1164 1143 1144 1165
1143 1122 1123 1144
1122 1101 1102 1123
1101 1080 1081 1102
1080 1059 1060 1081
1059 1038 1039 1060
1038 1017 1018 1039
1017 996 997 1018
996 975 976 997
975 954 955 976
954 933 934 955
933 912 913 934
912 891 892 913
891 870 871 892
870 849 850 871
849 828 829 850
828 807 808 829
807 786 787 808
786 765 766 787
765 744 745 766
744 723 724 745
723 702 703 724
702 681 682 703
681 660 661 682
660 639 640 661
639 618 619 640
618 597 598 619
597 576 577 598
576 555 556 577
555 534 535 556
534 513 514 535
513 492 493 514
492 471 472 493
471 450 451 472
450 429 430 451
429 408 409 430
408 387 388 409
387 366 367 388
366 345 346 367
345 324 325 346
324 303 304 325
303 282 283 304
282 261 262 283
261 240 241 262
240 219 220 241
219 198 199 220
198 177 178 199
177 156 157 178
156 135 136 157
135 114 115 136
114 93 94 115
93 72 73 94
72 33 37 73
2155 2110 2111 2159
2110 2089 2090 2111
2089 2068 2069 2090
2068 2047 2048 2069
2047 2026 2027 2048
2026 2005 2006 2027
2005 1984 1985 2006
1984 1963 1964 1985
1963 1942 1943 1964
1942 1921 1922 1943
1921 1900 1901 1922
1900 1879 1880 1901
1879 1858 1859 1880
1858 1837 1838 1859
1837 1816 1817 1838
1816 1795 1796 1817
1795 1774 1775 1796
1774 1753 1754 1775
1753 1732 1733 1754
1732 1711 1712 1733
1711 1690 1691 1712
1690 1669 1670 1691
1669 1648 1649 1670
1648 1627 1628 1649
1627 1606 1607 1628
1606 1585 1586 1607
1585 1564 1565 1586
1564 1543 1544 1565
1543 1522 1523 1544
1522 1501 1502 1523
1501 1480 1481 1502
1480 1459 1460 1481
1459 1438 1439 1460
1438 1417 1418 1439
1417 1396 1397 1418
1396 1375 1376 1397
1375 1354 1355 1376
1354 1333 1334 1355
1333 1312 1313 1334
1312 1291 1292 1313
1291 1270 1271 1292
1270 1249 1250 1271
1249 1228 1229 1250
1228 1207 1208 1229
1207 1186 1187 1208
1186 1165 1166 1187
1165 1144 1145 1166
1144 1123 1124 1145
1123 1102 1103 1124
1102 1081 1082 1103
1081 1060 1061 1082
1060 1039 1040 1061
1039 1018 1019 1040
1018 997 998 1019
997 976 977 998
976 955 956 977
955 934 935 956
934 913 914 935
913 892 893 914
892 871 872 893
871 850 851 872
850 829 830 851
829 808 809 830
808 787 788 809
787 766 767 788
766 745 746 767
745 724 725 746
724 703 704 725
703 682 683 704
682 661 662 683
661 640 641 662
640 619 620 641
619 598 599 620
598 577 578 599
577 556 557 578
556 535 536 557
535 514 515 536
514 493 494 515
493 472 473 494
472 451 452 473
451 430 431 452
430 409 410 431
409 388 389 410
388 367 368 389
367 346 347 368
346 325 326 347
325 304 305 326
304 283 284 305
283 262 263 284
262 241 242 263
241 220 221 242
220 199 200 221
199 178 179 200
178 157 158 179
157 136 137 158
136 115 116 137
115 94 95 116
94 73 74 95
73 37 41 74
2159 2111 2112 2163
2111 2090 2091 2112
2090 2069 2070 2091
2069 2048 2049 2070
2048 2027 2028 2049
2027 2006 2007 2028
2006 1985 1986 2007
1985 1964 1965 1986
1964 1943 1944 1965
1943 1922 1923 1944
1922 1901 1902 1923
1901 1880 1881 1902
1880 1859 1860 1881
1859 1838 1839 1860
1838 1817 1818 1839
1817 1796 1797 1818
1796 1775 1776 1797
1775 1754 1755 1776
1754 1733 1734 1755
1733 1712 1713 1734
1712 1691 1692 1713
1691 1670 1671 1692
1670 1649 1650 1671
1649 1628 1629 1650
1628 1607 1608 1629
1607 1586 1587 1608
1586 1565 1566 1587
1565 1544 1545 1566
1544 1523 1524 1545
1523 1502 1503 1524
1502 1481 1482 1503
1481 1460 1461 1482
1460 1439 1440 1461
1439 1418 1419 1440
1418 1397 1398 1419
1397 1376 1377 1398
1376 1355 1356 1377
1355 1334 1335 1356
1334 1313 1314 1335
1313 1292 1293 1314
1292 1271 1272 1293
1271 1250 1251 1272
1250 1229 1230 1251
1229 1208 1209 1230
1208 1187 1188 1209
1187 1166 1167 1188
1166 1145 1146 1167
1145 1124 1125 1146
1124 1103 1104 1125
1103 1082 1083 1104
1082 1061 1062 1083
1061 1040 1041 1062
1040 1019 1020 1041
1019 998 999 1020
998 977 978 999
977 956 957 978
956 935 936 957
935 914 915 936
914 893 894 915
893 872 873 894
872 851 852 873
851 830 831 852
830 809 810 831
809 788 789 810
788 767 768 789
767 746 747 768
746 725 726 747
725 704 705 726
704 683 684 705
683 662 663 684
662 641 642 663
641 620 621 642
620 599 600 621
599 578 579 600
578 557 558 579
557 536 537 558
536 515 516 537
515 494 495 516
494 473 474 495
473 452 453 474
452 431 432 453
431 410 411 432
410 389 390 411
389 368 369 390
368 347 348 369
347 326 327 348
326 305 306 327
305 284 285 306
284 263 264 285
263 242 243 264
242 221 222 243
221 200 201 222
200 179 180 201
179 158 159 180
158 137 138 159
137 116 117 138
116 95 96 117
95 74 75 96
74 41 45 75
2163 2112 2113 2167
2112 2091 2092 2113
2091 2070 2071 2092
2070 2049 2050 2071
2049 2028 2029 2050
2028 2007 2008 2029
2007 1986 1987 2008
1986 1965 1966 1987
1965 1944 1945 1966
1944 1923 1924 1945
1923 1902 1903 1924
1902 1881 1882 1903
1881 1860 1861 1882
1860 1839 1840 1861
1839 1818 1819 1840
1818 1797 1798 1819
1797 1776 1777 1798
1776 1755 1756 1777
1755 1734 1735 1756
1734 1713 1714 1735
1713 1692 1693 1714
1692 1671 1672 1693
1671 1650 1651 1672
1650 1629 1630 1651
1629 1608 1609 1630
1608 1587 1588 1609
1587 1566 1567 1588
1566 1545 1546 1567
1545 1524 1525 1546
1524 1503 1504 1525
1503 1482 1483 1504
1482 1461 1462 1483
1461 1440 1441 1462
1440 1419 1420 1441
1419 1398 1399 1420
1398 1377 1378 1399
1377 1356 1357 1378
1356 1335 1336 1357
1335 1314 1315 1336
1314 1293 1294 1315
1293 1272 1273 1294
1272 1251 1252 1273
1251 1230 1231 1252
1230 1209 1210 1231
1209 1188 1189 1210
1188 1167 1168 1189
1167 1146 1147 1168
1146 1125 1126 1147
1125 1104 1105 1126
1104 1083 1084 1105
1083 1062 1063 1084
1062 1041 1042 1063
1041 1020 1021 1042
1020 999 1000 1021
999 978 979 1000
978 957 958 979
957 936 937 958
936 915 916 937
915 894 895 916
894 873 874 895
873 852 853 874
852 831 832 853
831 810 811 832
810 789 790 811
789 768 769 790
768 747 748 769
747 726 727 748
726 705 706 727
705 684 685 706
684 663 664 685
663 642 643 664
642 621 622 643
621 600 601 622
600 579 580 601
579 558 559 580
558 537 538 559
537 516 517 538
516 495 496 517
495 474 475 496
474 453 454 475
453 432 433 454
432 411 412 433
411 390 391 412
390 369 370 391
369 348 349 370
348 327 328 349
327 306 307 328
306 285 286 307
285 264 265 286
264 243 244 265
243 222 223 244
222 201 202 223
201 180 181 202
180 159 160 181
159 138 139 160
138 117 118 139
117 96 97 118
96 75 76 97
75 45 49 76
2167 2113 2114 2171
2113 2092 2093 2114
2092 2071 2072 2093
2071 2050 2051 2072
2050 2029 2030 2051
2029 2008 2009 2030
2008 1987 1988 2009
1987 1966 1967 1988
1966 1945 1946 1967
1945 1924 1925 1946
1924 1903 1904 1925
1903 1882 1883 1904
1882 1861 1862 1883
1861 1840 1841 1862
1840 1819 1820 1841
1819 1798 1799 1820
1798 1777 1778 1799
1777 1756 1757 1778
1756 1735 1736 1757
1735 1714 1715 1736
1714 1693 1694 1715
1693 1672 1673 1694
1672 1651 1652 1673
1651 1630 1631 1652
1630 1609 1610 1631
1609 1588 1589 1610
1588 1567 1568 1589
1567 1546 1547 1568
1546 1525 1526 1547
1525 1504 1505 1526
1504 1483 1484 1505
1483 1462 1463 1484
1462 1441 1442 1463
1441 1420 1421 1442
1420 1399 1400 1421
1399 1378 1379 1400
1378 1357 1358 1379
1357 1336 1337 1358
1336 1315 1316 1337
1315 1294 1295 1316
1294 1273 1274 1295
1273 1252 1253 1274
1252 1231 1232 1253
1231 1210 1211 1232
1210 1189 1190 1211
1189 1168 1169 1190
1168 1147 1148 1169
1147 1126 1127 1148
1126 1105 1106 1127
1105 1084 1085 1106
1084 1063 1064 1085
1063 1042 1043 1064
1042 1021 1022 1043
1021 1000 1001 1022
1000 979 980 1001
979 958 959 980
958 937 938 959
937 916 917 938
916 895 896 917
895 874 875 896
874 853 854 875
853 832 833 854
832 811 812 833
811 790 791 812
790 769 770 791
769 748 749 770
748 727 728 749
727 706 707 728
706 685 686 707
685 664 665 686
664 643 644 665
643 622 623 644
622 601 602 623
601 580 581 602
580 559 560 581
559 538 539 560
538 517 518 539
517 496 497 518
496 475 476 497
475 454 455 476
454 433 434 455
433 412 413 434
412 391 392 413
391 370 371 392
370 349 350 371
349 328 329 350
328 307 308 329
307 286 287 308
286 265 266 287
265 244 245 266
244 223 224 245
223 202 203 224
202 181 182 203
181 160 161 182
160 139 140 161
139 118 119 140
118 97 98 119
97 76 77 98
76 49 53 77
2171 2114 2115 2175
2114 2093 2094 2115
2093 2072 2073 2094
2072 2051 2052 2073
2051 2030 2031 2052
2030 2009 2010 2031
2009 1988 1989 2010
1988 1967 1968 1989
1967 1946 1947 1968
1946 1925 1926 1947
1925 1904 1905 1926
1904 1883 1884 1905
1883 1862 1863 1884
1862 1841 1842 1863
1841 1820 1821 1842
1820 1799 1800 1821
1799 1778 1779 1800
1778 1757 1758 1779
1757 1736 1737 1758
1736 1715 1716 1737
1715 1694 1695 1716
1694 1673 1674 1695
1673 1652 1653 1674
1652 1631 1632 1653
1631 1610 1611 1632
1610 1589 1590 1611
1589 1568 1569 1590
1568 1547 1548 1569
1547 1526 1527 1548
1526 1505 1506 1527
1505 1484 1485 1506
1484 1463 1464 1485
1463 1442 1443 1464
1442 1421 1422 1443
1421 1400 1401 1422
1400 1379 1380 1401
1379 1358 1359 1380
1358 1337 1338 1359
1337 1316 1317 1338
1316 1295 1296 1317
1295 1274 1275 1296
1274 1253 1254 1275
1253 1232 1233 1254
1232 1211 1212 1233
1211 1190 1191 1212
1190 1169 1170 1191
1169 1148 1149 1170
1148 1127 1128 1149
1127 1106 1107 1128
1106 1085 1086 1107
1085 1064 1065 1086
1064 1043 1044 1065
1043 1022 1023 1044
1022 1001 1002 1023
1001 980 981 1002
980 959 960 981
959 938 939 960
938 917 918 939
917 896 897 918
896 875 876 897
875 854 855 876
854 833 834 855
833 812 813 834
812 791 792 813
791 770 771 792
770 749 750 771
749 728 729 750
728 707 708 729
707 686 687 708
686 665 666 687
665 644 645 666
644 623 624 645
623 602 603 624
602 581 582 603
581 560 561 582
560 539 540 561
539 518 519 540
518 497 498 519
497 476 477 498
476 455 456 477
455 434 435 456
434 413 414 435
413 392 393 414
392 371 372 393
371 350 351 372
350 329 330 351
329 308 309 330
308 287 288 309
287 266 267 288
266 245 246 267
245 224 225 246
224 203 204 225
203 182 183 204
182 161 162 183
161 140 141 162
140 119 120 141
119 98 99 120
98 77 78 99
77 53 57 78
7 3 4 8
11 7 8 12
15 11 12 16
19 15 16 20
23 19 20 24
27 23 24 28
31 27 28 32
35 31 32 36
39 35 36 40
43 39 40 44
47 43 44 48
51 47 48 52
55 51 52 56
59 55 56 60
2173 2177 2178 2174
2169 2173 2174 2170
2165 2169 2170 2166
2161 2165 2166 2162
2157 2161 2162 2158
2153 2157 2158 2154
2149 2153 2154 2150
2145 2149 2150 2146
2141 2145 2146 2142
2137 2141 2142 2138
2133 2137 2138 2134
2129 2133 2134 2130
2125 2129 2130 2126
2121 2125 2126 2122
2100 2121 2122 2101
2079 2100 2101 2080
2058 2079 2080 2059
2037 2058 2059 2038
2016 2037 2038 2017
1995 2016 2017 1996
1974 1995 1996 1975
1953 1974 1975 1954
1932 1953 1954 1933
1911 1932 1933 1912
1890 1911 1912 1891
1869 1890 1891 1870
1848 1869 1870 1849
1827 1848 1849 1828
1806 1827 1828 1807
1785 1806 1807 1786
1764 1785 1786 1765
1743 1764 1765 1744
1722 1743 1744 1723
1701 1722 1723 1702
1680 1701 1702 1681
1659 1680 1681 1660
1638 1659 1660 1639
1617 1638 1639 1618
1596 1617 1618 1597
1575 1596 1597 1576
1554 1575 1576 1555
1533 1554 1555 1534
1512 1533 1534 1513
1491 1512 1513 1492
1470 1491 1492 1471
1449 1470 1471 1450
1428 1449 1450 1429
1407 1428 1429 1408
1386 1407 1408 1387
1365 1386 1387 1366
1344 1365 1366 1345
1323 1344 1345 1324
1302 1323 1324 1303
1281 1302 1303 1282
1260 1281 1282 1261
1239 1260 1261 1240
1218 1239 1240 1219
1197 1218 1219 1198
1176 1197 1198 1177
1155 1176 1177 1156
1134 1155 1156 1135
1113 1134 1135 1114
1092 1113 1114 1093
1071 1092 1093 1072
1050 1071 1072 1051
1029 1050 1051 1030
1008 1029 1030 1009
987 1008 1009 988
966 987 988 967
945 966 967 946
924 945 946 925
903 924 925 904
882 903 904 883
861 882 883 862
840 861 862 841
819 840 841 820
798 819 820 799
777 798 799 778
756 777 778 757
735 756 757 736
714 735 736 715
693 714 715 694
672 693 694 673
651 672 673 652
630 651 652 631
609 630 631 610
588 609 610 589
567 588 589 568
546 567 568 547
525 546 547 526
504 525 526 505
483 504 505 484
462 483 484 463
441 462 463 442
420 441 442 421
399 420 421 400
378 399 400 379
357 378 379 358
336 357 358 337
315 336 337 316
294 315 316 295
273 294 295 274
252 273 274 253
231 252 253 232
210 231 232 211
189 210 211 190
168 189 190 169
147 168 169 148
126 147 148 127
105 126 127 106
84 105 106 85
63 84 85 64
3 63 64 4
80 59 60 81
101 80 81 102
122 101 102 123
143 122 123 144
164 143 144 165
185 164 165 186
206 185 186 207
227 206 207 228
248 227 228 249
269 248 249 270
290 269 270 291
311 290 291 312
332 311 312 333
353 332 333 354
374 353 354 375
395 374 375 396
416 395 396 417
437 416 417 438
458 437 438 459
479 458 459 480
500 479 480 501
521 500 501 522
542 521 522 543
563 542 543 564
584 563 564 585
605 584 585 606
626 605 606 627
647 626 627 648
668 647 648 669
689 668 669 690
710 689 690 711
731 710 711 732
752 731 732 753
773 752 753 774
794 773 774 795
815 794 795 816
836 815 816 837
857 836 837 858
878 857 858 879
899 878 879 900
920 899 900 921
941 920 921 942
962 941 942 963
983 962 963 984
1004 983 984 1005
1025 1004 1005 1026
1046 1025 1026 1047
1067 1046 1047 1068
1088 1067 1068 1089
1109 1088 1089 1110
1130 1109 1110 1131
1151 1130 1131 1152
1172 1151 1152 1173
1193 1172 1173 1194
1214 1193 1194 1215
1235 1214 1215 1236
1256 1235 1236 1257
1277 1256 1257 1278
1298 1277 1278 1299
1319 1298 1299 1320
1340 1319 1320 1341
1361 1340 1341 1362
1382 1361 1362 1383
1403 1382 1383 1404
1424 1403 1404 1425
1445 1424 1425 1446
1466 1445 1446 1467
1487 1466 1467 1488
1508 1487 1488 1509
1529 1508 1509 1530
1550 1529 1530 1551
1571 1550 1551 1572
1592 1571 1572 1593
1613 1592 1593 1614
1634 1613 1614 1635
1655 1634 1635 1656
1676 1655 1656 1677
1697 1676 1677 1698
1718 1697 1698 1719
1739 1718 1719 1740
1760 1739 1740 1761
1781 1760 1761 1782
1802 1781 1782 1803
1823 1802 1803 1824
1844 1823 1824 1845
1865 1844 1845 1866
1886 1865 1866 1887
1907 1886 1887 1908
1928 1907 1908 1929
1949 1928 1929 1950
1970 1949 1950 1971
1991 1970 1971 1992
2012 1991 1992 2013
2033 2012 2013 2034
2054 2033 2034 2055
2075 2054 2055 2076
2096 2075 2076 2097
2117 2096 2097 2118
2177 2117 2118 2178
0 0 0 0
